timestamp,open,high,low,close,volume
2025-09-18 09:15:00+05:30,538.3,539.0,534.0,536.05,10395
2025-09-18 09:20:00+05:30,536.35,536.95,534.75,536.0,5887
2025-09-18 09:25:00+05:30,536.0,538.25,536.0,537.0,2725
2025-09-18 09:30:00+05:30,537.0,537.55,535.95,537.55,2436
2025-09-18 09:35:00+05:30,537.9,538.0,536.6,537.05,1726
2025-09-18 09:40:00+05:30,537.05,540.0,537.05,538.7,4859
2025-09-18 09:45:00+05:30,538.95,538.95,537.85,538.0,1866
2025-09-18 09:50:00+05:30,538.0,538.3,537.45,538.25,827
2025-09-18 09:55:00+05:30,537.75,538.2,536.75,537.7,3469
2025-09-18 10:00:00+05:30,537.7,539.2,537.55,538.15,2171
2025-09-18 10:05:00+05:30,538.15,539.8,537.5,539.8,3517
2025-09-18 10:10:00+05:30,539.8,539.95,538.6,539.9,4860
2025-09-18 10:15:00+05:30,539.95,541.8,539.7,540.85,8841
2025-09-18 10:20:00+05:30,540.85,541.0,540.1,540.4,1913
2025-09-18 10:25:00+05:30,540.4,540.95,540.1,540.85,1372
2025-09-18 10:30:00+05:30,541.0,541.2,540.5,540.9,2671
2025-09-18 10:35:00+05:30,540.6,540.95,539.5,539.9,2197
2025-09-18 10:40:00+05:30,539.9,540.5,539.5,539.5,1422
2025-09-18 10:45:00+05:30,539.0,539.6,538.5,539.0,2634
2025-09-18 10:50:00+05:30,539.15,539.15,538.0,538.05,1941
2025-09-18 10:55:00+05:30,538.05,541.7,538.05,541.1,6018
2025-09-18 11:00:00+05:30,541.25,541.75,540.1,540.4,3380
2025-09-18 11:05:00+05:30,540.2,546.0,540.2,546.0,48324
2025-09-18 11:10:00+05:30,546.0,546.0,540.8,542.75,24251
2025-09-18 11:15:00+05:30,542.75,544.0,542.45,543.95,9385
2025-09-18 11:20:00+05:30,543.95,544.0,542.65,543.8,5319
2025-09-18 11:25:00+05:30,543.7,543.85,542.35,542.5,5261
2025-09-18 11:30:00+05:30,542.5,543.3,542.4,543.25,2899
2025-09-18 11:35:00+05:30,543.3,543.3,542.5,542.5,1297
2025-09-18 11:40:00+05:30,542.9,543.1,542.0,543.0,6011
2025-09-18 11:45:00+05:30,543.0,543.15,542.35,543.0,2505
2025-09-18 11:50:00+05:30,543.0,543.0,542.05,542.85,1355
2025-09-18 11:55:00+05:30,542.85,542.85,541.8,542.5,2559
2025-09-18 12:00:00+05:30,542.5,543.0,542.2,542.65,2252
2025-09-18 12:05:00+05:30,542.65,542.65,542.05,542.6,1942
2025-09-18 12:10:00+05:30,542.6,542.85,542.0,542.5,1288
2025-09-18 12:15:00+05:30,542.5,542.85,541.5,541.5,1153
2025-09-18 12:20:00+05:30,541.5,542.8,541.4,542.6,3224
2025-09-18 12:25:00+05:30,542.6,542.8,542.25,542.4,838
2025-09-18 12:30:00+05:30,542.8,542.8,542.25,542.4,663
2025-09-18 12:35:00+05:30,542.4,542.6,541.25,542.35,2270
2025-09-18 12:40:00+05:30,542.35,542.65,541.3,542.25,2135
2025-09-18 12:45:00+05:30,542.25,542.6,541.55,541.7,1968
2025-09-18 12:50:00+05:30,542.0,542.7,541.7,542.45,1996
2025-09-18 12:55:00+05:30,542.05,542.75,542.05,542.75,531
2025-09-18 13:00:00+05:30,542.75,542.75,541.3,541.6,3293
2025-09-18 13:05:00+05:30,541.6,541.8,540.8,540.8,1897
2025-09-18 13:10:00+05:30,540.8,541.45,540.15,541.25,3390
2025-09-18 13:15:00+05:30,541.25,541.75,540.3,540.9,1124
2025-09-18 13:20:00+05:30,540.9,541.6,540.55,541.55,1016
2025-09-18 13:25:00+05:30,541.55,541.7,541.2,541.4,221
2025-09-18 13:30:00+05:30,541.25,541.45,541.1,541.4,373
2025-09-18 13:35:00+05:30,541.4,541.55,540.85,541.5,1149
2025-09-18 13:40:00+05:30,541.45,541.55,540.8,541.55,1999
2025-09-18 13:45:00+05:30,541.25,541.55,540.75,541.25,942
2025-09-18 13:50:00+05:30,541.25,541.3,540.55,541.0,2716
2025-09-18 13:55:00+05:30,541.0,541.6,540.75,541.3,3031
2025-09-18 14:00:00+05:30,541.65,542.3,541.3,541.5,2899
2025-09-18 14:05:00+05:30,541.5,542.15,541.5,541.85,1232
2025-09-18 14:10:00+05:30,541.85,542.3,541.25,541.9,2197
2025-09-18 14:15:00+05:30,541.9,542.5,541.55,541.95,1829
2025-09-18 14:20:00+05:30,541.95,542.85,541.65,542.05,2344
2025-09-18 14:25:00+05:30,542.05,542.9,542.05,542.9,2215
2025-09-18 14:30:00+05:30,542.85,544.0,542.75,543.9,4041
2025-09-18 14:35:00+05:30,543.9,543.9,542.9,543.25,2783
2025-09-18 14:40:00+05:30,542.95,544.0,542.95,543.65,1788
2025-09-18 14:45:00+05:30,543.65,544.0,543.0,543.6,2120
2025-09-18 14:50:00+05:30,543.6,543.9,543.1,543.15,1210
2025-09-18 14:55:00+05:30,543.4,544.8,543.15,544.55,8868
2025-09-18 15:00:00+05:30,544.45,544.8,543.65,544.0,2302
2025-09-18 15:05:00+05:30,544.0,544.45,543.5,543.8,1632
2025-09-18 15:10:00+05:30,543.8,545.0,543.8,544.75,14840
2025-09-18 15:15:00+05:30,544.75,546.3,544.5,545.0,18614
2025-09-18 15:20:00+05:30,544.75,546.0,544.5,545.45,14170
2025-09-18 15:25:00+05:30,545.45,546.85,545.45,546.85,37129
2025-09-19 09:15:00+05:30,545.0,547.25,538.85,538.85,12614
2025-09-19 09:20:00+05:30,539.6,541.1,538.8,539.25,5618
2025-09-19 09:25:00+05:30,539.7,540.9,539.5,540.65,4341
2025-09-19 09:30:00+05:30,540.65,542.0,539.5,540.9,4735
2025-09-19 09:35:00+05:30,540.75,541.55,540.25,541.45,3705
2025-09-19 09:40:00+05:30,540.9,542.85,540.9,542.3,2770
2025-09-19 09:45:00+05:30,542.2,542.7,541.1,541.35,1321
2025-09-19 09:50:00+05:30,541.8,541.8,540.2,540.75,1840
2025-09-19 09:55:00+05:30,540.5,540.8,539.35,539.35,5739
2025-09-19 10:00:00+05:30,539.5,540.0,538.5,538.9,3070
2025-09-19 10:05:00+05:30,538.9,539.5,538.0,538.7,2820
2025-09-19 10:10:00+05:30,538.7,538.7,538.15,538.3,647
2025-09-19 10:15:00+05:30,538.3,539.05,538.1,538.4,4231
2025-09-19 10:20:00+05:30,538.4,538.65,537.35,537.55,1995
2025-09-19 10:25:00+05:30,537.55,538.45,537.55,537.95,602
2025-09-19 10:30:00+05:30,537.85,538.3,536.35,536.35,1787
2025-09-19 10:35:00+05:30,536.35,537.05,535.95,536.3,2044
2025-09-19 10:40:00+05:30,536.3,536.8,536.0,536.7,3171
2025-09-19 10:45:00+05:30,536.8,540.8,536.8,540.8,4415
2025-09-19 10:50:00+05:30,540.35,540.55,539.7,539.85,924
2025-09-19 10:55:00+05:30,539.85,540.75,539.0,540.6,1623
2025-09-19 11:00:00+05:30,540.6,541.3,540.1,541.3,1480
2025-09-19 11:05:00+05:30,541.25,541.5,540.0,541.2,1340
2025-09-19 11:10:00+05:30,541.2,541.25,540.55,540.6,580
2025-09-19 11:15:00+05:30,540.6,541.4,540.0,541.35,1827
2025-09-19 11:20:00+05:30,541.35,541.45,540.4,540.85,243
2025-09-19 11:25:00+05:30,540.85,541.2,540.15,540.85,689
2025-09-19 11:30:00+05:30,540.85,541.4,540.85,541.1,344
2025-09-19 11:35:00+05:30,541.1,541.4,540.1,540.2,1412
2025-09-19 11:40:00+05:30,540.2,541.4,540.2,541.05,662
2025-09-19 11:45:00+05:30,541.05,541.3,540.5,540.6,126
2025-09-19 11:50:00+05:30,540.6,540.9,540.05,540.2,1249
2025-09-19 11:55:00+05:30,540.2,540.7,540.1,540.15,515
2025-09-19 12:00:00+05:30,540.1,540.6,540.05,540.5,153
2025-09-19 12:05:00+05:30,540.5,540.5,540.0,540.2,2283
2025-09-19 12:10:00+05:30,540.2,540.45,539.85,540.45,1314
2025-09-19 12:15:00+05:30,540.45,541.75,540.0,540.6,2312
2025-09-19 12:20:00+05:30,540.6,541.15,540.5,540.65,374
2025-09-19 12:25:00+05:30,540.0,541.2,540.0,541.15,1458
2025-09-19 12:30:00+05:30,541.15,541.15,540.0,540.3,890
2025-09-19 12:35:00+05:30,540.3,540.3,539.8,540.0,585
2025-09-19 12:40:00+05:30,540.0,540.5,539.55,540.4,1785
2025-09-19 12:45:00+05:30,540.4,540.5,539.95,540.05,924
2025-09-19 12:50:00+05:30,540.05,540.35,539.85,540.1,1934
2025-09-19 12:55:00+05:30,540.1,540.85,540.0,540.6,2667
2025-09-19 13:00:00+05:30,540.6,540.8,539.85,540.7,901
2025-09-19 13:05:00+05:30,540.7,540.85,540.0,540.15,3544
2025-09-19 13:10:00+05:30,540.15,540.4,539.9,539.9,617
2025-09-19 13:15:00+05:30,539.9,540.45,539.9,540.3,700
2025-09-19 13:20:00+05:30,540.3,540.5,540.0,540.0,115
2025-09-19 13:25:00+05:30,540.4,540.5,540.0,540.4,222
2025-09-19 13:30:00+05:30,540.4,540.45,540.0,540.05,298
2025-09-19 13:35:00+05:30,540.05,540.85,540.05,540.75,299
2025-09-19 13:40:00+05:30,540.75,540.75,540.15,540.5,317
2025-09-19 13:45:00+05:30,540.5,540.5,540.0,540.4,437
2025-09-19 13:50:00+05:30,540.0,540.5,539.85,540.25,325
2025-09-19 13:55:00+05:30,540.25,540.85,540.0,540.65,780
2025-09-19 14:00:00+05:30,540.65,540.65,539.8,540.45,931
2025-09-19 14:05:00+05:30,540.45,540.45,539.85,540.15,1237
2025-09-19 14:10:00+05:30,540.15,540.5,539.75,540.0,1199
2025-09-19 14:15:00+05:30,540.0,540.25,540.0,540.0,735
2025-09-19 14:20:00+05:30,540.0,540.45,540.0,540.4,394
2025-09-19 14:25:00+05:30,540.4,540.4,539.9,540.0,2387
2025-09-19 14:30:00+05:30,540.0,540.05,539.9,540.0,1020
2025-09-19 14:35:00+05:30,540.0,540.05,540.0,540.0,1458
2025-09-19 14:40:00+05:30,540.0,540.1,539.95,540.0,1009
2025-09-19 14:45:00+05:30,540.0,540.15,540.0,540.05,5286
2025-09-19 14:50:00+05:30,540.05,540.5,540.0,540.5,8707
2025-09-19 14:55:00+05:30,540.25,540.55,540.25,540.5,3404
2025-09-19 15:00:00+05:30,540.5,541.25,540.25,540.8,12621
2025-09-19 15:05:00+05:30,540.8,540.8,540.25,540.25,15262
2025-09-19 15:10:00+05:30,540.3,540.5,540.15,540.15,11325
2025-09-19 15:15:00+05:30,540.15,540.35,540.0,540.35,24324
2025-09-19 15:20:00+05:30,540.35,540.35,537.4,538.6,30870
2025-09-19 15:25:00+05:30,538.45,538.9,536.95,538.05,11934
2025-09-22 09:15:00+05:30,543.2,545.8,540.0,545.8,11246
2025-09-22 09:20:00+05:30,545.55,545.8,542.25,542.65,5790
2025-09-22 09:25:00+05:30,542.25,543.0,541.65,542.6,3653
2025-09-22 09:30:00+05:30,542.9,547.25,541.7,546.3,6090
2025-09-22 09:35:00+05:30,546.3,547.0,545.2,546.6,2465
2025-09-22 09:40:00+05:30,546.6,546.85,543.85,544.55,2287
2025-09-22 09:45:00+05:30,544.3,544.95,543.5,543.5,1545
2025-09-22 09:50:00+05:30,543.5,543.7,541.8,543.25,2066
2025-09-22 09:55:00+05:30,543.25,543.7,541.85,542.85,2789
2025-09-22 10:00:00+05:30,543.0,543.85,542.6,543.3,979
2025-09-22 10:05:00+05:30,543.3,543.85,543.3,543.85,575
2025-09-22 10:10:00+05:30,543.85,545.15,543.3,544.9,1767
2025-09-22 10:15:00+05:30,544.9,545.2,544.05,544.4,598
2025-09-22 10:20:00+05:30,544.6,545.2,544.45,544.6,1116
2025-09-22 10:25:00+05:30,544.6,545.2,544.5,545.2,1650
2025-09-22 10:30:00+05:30,545.2,545.2,544.55,544.8,695
2025-09-22 10:35:00+05:30,545.15,545.2,544.05,544.6,1340
2025-09-22 10:40:00+05:30,544.55,544.95,543.2,544.9,2864
2025-09-22 10:45:00+05:30,544.9,547.0,544.3,545.85,6585
2025-09-22 10:50:00+05:30,545.85,546.3,545.0,545.5,931
2025-09-22 10:55:00+05:30,545.5,545.7,545.0,545.15,885
2025-09-22 11:00:00+05:30,545.55,546.0,545.15,545.15,1620
2025-09-22 11:05:00+05:30,545.15,545.7,545.0,545.2,215
2025-09-22 11:10:00+05:30,545.15,545.65,544.6,544.6,932
2025-09-22 11:15:00+05:30,544.75,544.75,543.45,543.65,761
2025-09-22 11:20:00+05:30,543.65,543.95,543.0,543.5,757
2025-09-22 11:25:00+05:30,543.5,543.95,543.2,543.2,339
2025-09-22 11:30:00+05:30,543.2,543.6,543.0,543.5,424
2025-09-22 11:35:00+05:30,543.5,544.2,543.25,544.2,441
2025-09-22 11:40:00+05:30,544.25,544.3,543.3,543.55,700
2025-09-22 11:45:00+05:30,543.95,544.15,543.3,543.3,293
2025-09-22 11:50:00+05:30,543.3,544.2,543.1,544.2,410
2025-09-22 11:55:00+05:30,543.85,544.5,543.85,544.2,412
2025-09-22 12:00:00+05:30,544.2,544.25,543.85,544.25,467
2025-09-22 12:05:00+05:30,544.25,544.25,543.3,543.75,183
2025-09-22 12:10:00+05:30,544.0,546.7,543.0,545.7,2537
2025-09-22 12:15:00+05:30,545.7,545.9,544.9,545.25,915
2025-09-22 12:20:00+05:30,545.25,545.25,544.3,544.5,342
2025-09-22 12:25:00+05:30,544.5,544.55,543.75,544.15,505
2025-09-22 12:30:00+05:30,544.6,544.65,544.0,544.05,357
2025-09-22 12:35:00+05:30,544.0,544.95,543.65,544.95,560
2025-09-22 12:40:00+05:30,544.6,545.0,544.4,544.9,606
2025-09-22 12:45:00+05:30,544.9,545.35,544.9,544.9,212
2025-09-22 12:50:00+05:30,544.9,545.25,544.1,544.45,185
2025-09-22 12:55:00+05:30,544.45,545.05,544.4,544.4,677
2025-09-22 13:00:00+05:30,544.4,544.4,544.0,544.0,193
2025-09-22 13:05:00+05:30,544.35,544.4,544.0,544.0,556
2025-09-22 13:10:00+05:30,544.4,544.4,544.0,544.0,195
2025-09-22 13:15:00+05:30,544.0,544.4,544.0,544.4,370
2025-09-22 13:20:00+05:30,544.4,545.2,543.8,544.8,3363
2025-09-22 13:25:00+05:30,544.8,545.0,543.8,544.2,2638
2025-09-22 13:30:00+05:30,544.75,544.75,544.05,544.5,252
2025-09-22 13:35:00+05:30,544.5,544.75,543.65,543.65,538
2025-09-22 13:40:00+05:30,543.65,544.3,543.65,543.85,150
2025-09-22 13:45:00+05:30,543.85,544.45,543.5,543.8,409
2025-09-22 13:50:00+05:30,543.8,544.0,543.5,544.0,273
2025-09-22 13:55:00+05:30,544.0,544.0,542.5,542.95,690
2025-09-22 14:00:00+05:30,542.95,543.2,542.5,542.8,2173
2025-09-22 14:05:00+05:30,542.9,543.1,542.5,542.5,832
2025-09-22 14:10:00+05:30,542.5,543.15,542.5,543.05,742
2025-09-22 14:15:00+05:30,543.05,543.1,542.0,542.9,3035
2025-09-22 14:20:00+05:30,542.9,543.0,542.3,542.6,891
2025-09-22 14:25:00+05:30,542.6,542.95,541.7,541.85,692
2025-09-22 14:30:00+05:30,541.85,542.5,541.2,542.1,973
2025-09-22 14:35:00+05:30,542.45,542.45,541.45,541.85,827
2025-09-22 14:40:00+05:30,541.85,542.1,541.2,542.1,877
2025-09-22 14:45:00+05:30,541.7,541.75,540.5,541.0,3087
2025-09-22 14:50:00+05:30,541.0,541.75,540.85,541.35,1253
2025-09-22 14:55:00+05:30,541.35,541.4,540.0,540.5,1156
2025-09-22 15:00:00+05:30,540.5,541.15,540.35,541.15,695
2025-09-22 15:05:00+05:30,541.15,542.75,540.5,541.1,4777
2025-09-22 15:10:00+05:30,540.8,541.55,540.8,541.3,1434
2025-09-22 15:15:00+05:30,541.45,543.0,540.55,541.3,7039
2025-09-22 15:20:00+05:30,541.3,541.55,540.15,541.05,2601
2025-09-22 15:25:00+05:30,541.05,542.3,540.8,541.8,3042
2025-09-23 09:15:00+05:30,543.3,549.45,543.0,549.0,11041
2025-09-23 09:20:00+05:30,549.9,553.4,548.7,553.4,29472
2025-09-23 09:25:00+05:30,554.4,556.0,552.0,552.15,21266
2025-09-23 09:30:00+05:30,552.0,552.0,550.1,550.4,7964
2025-09-23 09:35:00+05:30,550.1,551.95,550.1,551.95,4307
2025-09-23 09:40:00+05:30,551.45,554.05,550.5,553.4,10793
2025-09-23 09:45:00+05:30,553.4,553.45,550.95,551.5,5396
2025-09-23 09:50:00+05:30,551.5,551.8,550.15,550.2,5558
2025-09-23 09:55:00+05:30,550.2,552.9,548.05,551.45,8906
2025-09-23 10:00:00+05:30,551.45,552.75,550.55,552.75,3198
2025-09-23 10:05:00+05:30,552.5,554.0,549.65,550.0,9470
2025-09-23 10:10:00+05:30,550.0,550.0,548.5,549.85,2683
2025-09-23 10:15:00+05:30,549.85,551.05,549.55,550.0,9986
2025-09-23 10:20:00+05:30,550.0,550.0,548.5,549.5,5434
2025-09-23 10:25:00+05:30,549.5,549.5,548.45,549.4,1073
2025-09-23 10:30:00+05:30,549.4,549.45,548.5,548.85,1013
2025-09-23 10:35:00+05:30,548.85,549.6,548.5,548.55,2270
2025-09-23 10:40:00+05:30,549.0,549.75,548.6,549.3,695
2025-09-23 10:45:00+05:30,549.3,549.85,548.95,549.85,1008
2025-09-23 10:50:00+05:30,549.85,549.85,548.4,549.85,3686
2025-09-23 10:55:00+05:30,549.55,549.95,549.05,549.05,561
2025-09-23 11:00:00+05:30,549.05,549.65,548.4,549.45,1758
2025-09-23 11:05:00+05:30,549.45,549.5,548.9,549.3,1120
2025-09-23 11:10:00+05:30,549.3,549.55,548.7,549.0,2531
2025-09-23 11:15:00+05:30,549.0,549.65,548.55,549.15,1100
2025-09-23 11:20:00+05:30,549.15,549.65,548.95,549.1,834
2025-09-23 11:25:00+05:30,548.95,549.0,548.2,548.5,1112
2025-09-23 11:30:00+05:30,548.5,548.75,547.25,547.25,4620
2025-09-23 11:35:00+05:30,547.25,548.3,547.0,547.9,1482
2025-09-23 11:40:00+05:30,547.9,548.05,547.0,547.5,2519
2025-09-23 11:45:00+05:30,547.35,548.05,547.3,547.9,1400
2025-09-23 11:50:00+05:30,547.9,548.6,547.35,548.4,3376
2025-09-23 11:55:00+05:30,548.4,548.6,547.75,548.2,1130
2025-09-23 12:00:00+05:30,548.2,548.2,547.55,547.95,726
2025-09-23 12:05:00+05:30,547.95,547.95,547.3,547.3,479
2025-09-23 12:10:00+05:30,547.3,547.85,547.3,547.85,420
2025-09-23 12:15:00+05:30,547.85,548.7,547.55,548.4,1745
2025-09-23 12:20:00+05:30,548.4,548.75,547.6,548.4,465
2025-09-23 12:25:00+05:30,548.45,548.6,547.95,548.3,442
2025-09-23 12:30:00+05:30,548.35,548.4,547.8,547.8,831
2025-09-23 12:35:00+05:30,547.8,547.9,547.25,547.25,999
2025-09-23 12:40:00+05:30,547.25,547.7,545.9,546.3,4096
2025-09-23 12:45:00+05:30,546.3,546.45,545.05,545.1,2164
2025-09-23 12:50:00+05:30,545.1,545.6,544.15,544.15,3698
2025-09-23 12:55:00+05:30,544.15,544.85,544.15,544.15,349
2025-09-23 13:00:00+05:30,544.15,545.15,544.15,544.5,1003
2025-09-23 13:05:00+05:30,544.5,545.0,543.85,543.85,1275
2025-09-23 13:10:00+05:30,543.85,543.9,543.1,543.45,1102
2025-09-23 13:15:00+05:30,543.45,547.65,542.7,547.2,20925
2025-09-23 13:20:00+05:30,546.05,547.7,545.5,547.7,7311
2025-09-23 13:25:00+05:30,547.5,548.25,545.0,546.05,6949
2025-09-23 13:30:00+05:30,546.4,546.45,544.95,544.95,3633
2025-09-23 13:35:00+05:30,544.95,545.4,543.05,544.3,4726
2025-09-23 13:40:00+05:30,544.3,544.7,543.8,544.7,4090
2025-09-23 13:45:00+05:30,544.7,544.8,542.85,543.2,2139
2025-09-23 13:50:00+05:30,543.2,543.6,543.0,543.05,1570
2025-09-23 13:55:00+05:30,543.05,543.4,542.55,543.35,1480
2025-09-23 14:00:00+05:30,543.35,544.15,542.55,543.6,1304
2025-09-23 14:05:00+05:30,543.6,545.05,543.6,544.95,3152
2025-09-23 14:10:00+05:30,544.95,545.45,543.9,544.05,1583
2025-09-23 14:15:00+05:30,543.9,544.75,542.45,544.6,5811
2025-09-23 14:20:00+05:30,544.6,544.85,543.55,544.15,2927
2025-09-23 14:25:00+05:30,544.15,544.95,544.0,544.85,968
2025-09-23 14:30:00+05:30,544.85,545.45,544.5,545.45,834
2025-09-23 14:35:00+05:30,545.45,545.45,544.5,544.5,476
2025-09-23 14:40:00+05:30,544.5,544.95,544.0,544.75,2818
2025-09-23 14:45:00+05:30,544.75,544.85,544.15,544.6,653
2025-09-23 14:50:00+05:30,544.6,544.6,543.75,544.25,2341
2025-09-23 14:55:00+05:30,544.25,545.5,543.0,544.65,6563
2025-09-23 15:00:00+05:30,544.4,544.8,543.2,543.7,4803
2025-09-23 15:05:00+05:30,543.0,544.75,543.0,544.1,3958
2025-09-23 15:10:00+05:30,544.1,544.5,542.45,543.35,7539
2025-09-23 15:15:00+05:30,543.35,544.55,542.5,544.3,9001
2025-09-23 15:20:00+05:30,544.3,546.0,544.0,544.75,8676
2025-09-23 15:25:00+05:30,544.75,546.0,543.05,546.0,5436
2025-09-24 09:15:00+05:30,544.0,548.2,543.15,544.0,7381
2025-09-24 09:20:00+05:30,544.05,545.95,541.3,545.65,11287
2025-09-24 09:25:00+05:30,545.2,545.6,542.7,543.0,1981
2025-09-24 09:30:00+05:30,543.65,547.9,542.4,547.9,7190
2025-09-24 09:35:00+05:30,547.6,551.4,546.55,549.0,7348
2025-09-24 09:40:00+05:30,549.35,549.35,546.5,547.1,2542
2025-09-24 09:45:00+05:30,547.65,548.75,546.55,548.75,2564
2025-09-24 09:50:00+05:30,548.75,549.0,546.95,546.95,5804
2025-09-24 09:55:00+05:30,546.7,554.7,546.7,553.0,30297
2025-09-24 10:00:00+05:30,553.0,554.0,552.5,552.95,7847
2025-09-24 10:05:00+05:30,552.95,553.0,552.0,552.9,3619
2025-09-24 10:10:00+05:30,552.9,554.2,552.6,554.0,10761
2025-09-24 10:15:00+05:30,554.0,554.65,552.8,552.8,3108
2025-09-24 10:20:00+05:30,552.8,554.65,552.65,554.65,3598
2025-09-24 10:25:00+05:30,554.85,554.95,554.2,554.9,3914
2025-09-24 10:30:00+05:30,554.9,555.0,553.85,554.1,15468
2025-09-24 10:35:00+05:30,554.2,554.55,552.1,553.25,6568
2025-09-24 10:40:00+05:30,553.3,553.4,552.45,553.05,1372
2025-09-24 10:45:00+05:30,553.05,554.0,552.55,553.45,2548
2025-09-24 10:50:00+05:30,553.45,554.0,552.8,552.8,4174
2025-09-24 10:55:00+05:30,553.15,553.3,552.3,553.15,1718
2025-09-24 11:00:00+05:30,553.15,554.0,552.8,553.7,2541
2025-09-24 11:05:00+05:30,553.8,554.2,552.8,552.9,2875
2025-09-24 11:10:00+05:30,552.9,553.55,552.05,553.55,1892
2025-09-24 11:15:00+05:30,553.7,554.2,552.85,553.6,2170
2025-09-24 11:20:00+05:30,553.0,553.7,552.3,552.55,1764
2025-09-24 11:25:00+05:30,552.65,556.1,552.3,553.8,11810
2025-09-24 11:30:00+05:30,553.8,554.0,553.2,553.4,1657
2025-09-24 11:35:00+05:30,553.75,553.75,553.25,553.65,681
2025-09-24 11:40:00+05:30,553.65,554.25,552.5,553.15,2939
2025-09-24 11:45:00+05:30,553.15,553.95,553.15,553.6,1100
2025-09-24 11:50:00+05:30,553.6,554.0,553.15,553.7,942
2025-09-24 11:55:00+05:30,553.7,553.75,552.7,553.75,960
2025-09-24 12:00:00+05:30,553.75,554.0,553.2,553.75,1421
2025-09-24 12:05:00+05:30,553.75,554.45,553.0,554.45,1782
2025-09-24 12:10:00+05:30,554.9,557.95,554.85,555.35,13966
2025-09-24 12:15:00+05:30,555.7,557.0,554.35,555.0,7164
2025-09-24 12:20:00+05:30,555.0,555.0,554.1,554.45,1723
2025-09-24 12:25:00+05:30,554.5,555.95,554.5,555.9,4332
2025-09-24 12:30:00+05:30,555.9,555.95,555.3,555.6,1338
2025-09-24 12:35:00+05:30,555.3,555.85,554.6,555.4,1688
2025-09-24 12:40:00+05:30,555.4,555.85,554.0,555.0,6560
2025-09-24 12:45:00+05:30,555.0,555.2,554.3,554.7,1729
2025-09-24 12:50:00+05:30,554.7,555.0,552.25,552.25,5109
2025-09-24 12:55:00+05:30,552.25,553.9,552.05,553.9,1444
2025-09-24 13:00:00+05:30,553.9,554.35,553.7,554.35,366
2025-09-24 13:05:00+05:30,553.95,554.65,553.75,554.0,931
2025-09-24 13:10:00+05:30,554.0,554.4,553.7,554.4,996
2025-09-24 13:15:00+05:30,554.4,554.4,553.8,554.3,688
2025-09-24 13:20:00+05:30,554.3,557.35,554.3,557.0,14460
2025-09-24 13:25:00+05:30,557.0,557.0,554.05,554.75,8198
2025-09-24 13:30:00+05:30,554.75,555.9,554.75,555.3,678
2025-09-24 13:35:00+05:30,555.3,555.3,554.1,554.55,1634
2025-09-24 13:40:00+05:30,554.55,554.55,554.05,554.15,361
2025-09-24 13:45:00+05:30,554.15,554.45,553.05,553.15,3055
2025-09-24 13:50:00+05:30,553.15,554.0,553.15,553.5,2246
2025-09-24 13:55:00+05:30,553.5,553.85,553.1,553.15,2042
2025-09-24 14:00:00+05:30,553.15,553.95,552.8,553.95,2853
2025-09-24 14:05:00+05:30,553.95,554.0,553.2,553.5,1301
2025-09-24 14:10:00+05:30,553.5,553.5,552.8,553.35,1797
2025-09-24 14:15:00+05:30,553.35,554.0,552.65,553.9,4520
2025-09-24 14:20:00+05:30,553.6,553.6,552.5,553.6,1252
2025-09-24 14:25:00+05:30,553.4,553.85,553.15,553.7,855
2025-09-24 14:30:00+05:30,553.7,553.75,552.8,553.0,1772
2025-09-24 14:35:00+05:30,553.0,553.5,552.55,553.05,1286
2025-09-24 14:40:00+05:30,553.05,553.15,552.2,552.65,743
2025-09-24 14:45:00+05:30,552.65,553.15,552.35,553.15,1730
2025-09-24 14:50:00+05:30,553.15,554.0,551.7,551.85,8072
2025-09-24 14:55:00+05:30,551.85,552.5,550.65,550.65,4411
2025-09-24 15:00:00+05:30,551.3,553.15,550.8,553.15,2656
2025-09-24 15:05:00+05:30,553.0,553.4,552.0,553.0,3773
2025-09-24 15:10:00+05:30,552.3,552.95,551.15,551.85,5432
2025-09-24 15:15:00+05:30,551.9,552.7,551.3,552.0,8250
2025-09-24 15:20:00+05:30,552.0,552.6,551.65,552.5,10924
2025-09-24 15:25:00+05:30,552.5,552.85,550.1,552.8,12319
2025-09-25 09:15:00+05:30,553.0,555.0,549.3,551.3,17342
2025-09-25 09:20:00+05:30,551.3,552.2,550.6,551.35,3603
2025-09-25 09:25:00+05:30,551.35,551.6,549.65,549.65,6010
2025-09-25 09:30:00+05:30,549.65,549.65,546.75,547.75,6547
2025-09-25 09:35:00+05:30,547.75,547.75,546.15,546.8,5148
2025-09-25 09:40:00+05:30,547.8,549.55,547.2,548.85,4170
2025-09-25 09:45:00+05:30,548.85,549.4,547.35,549.4,1694
2025-09-25 09:50:00+05:30,549.4,550.0,548.4,548.4,2084
2025-09-25 09:55:00+05:30,548.4,548.9,547.0,548.0,4223
2025-09-25 10:00:00+05:30,548.15,549.05,546.75,548.0,2967
2025-09-25 10:05:00+05:30,548.0,548.0,546.85,547.55,1924
2025-09-25 10:10:00+05:30,547.55,548.0,546.65,546.65,1233
2025-09-25 10:15:00+05:30,546.65,548.15,546.65,547.7,1172
2025-09-25 10:20:00+05:30,547.1,548.05,547.1,547.5,2069
2025-09-25 10:25:00+05:30,547.5,547.55,546.5,546.8,700
2025-09-25 10:30:00+05:30,546.8,547.45,546.15,546.15,539
2025-09-25 10:35:00+05:30,545.85,546.05,545.1,545.2,2336
2025-09-25 10:40:00+05:30,545.2,545.8,545.1,545.1,709
2025-09-25 10:45:00+05:30,545.1,546.4,544.35,545.9,2511
2025-09-25 10:50:00+05:30,545.9,546.15,544.55,544.65,1678
2025-09-25 10:55:00+05:30,544.65,545.15,544.5,545.0,3090
2025-09-25 11:00:00+05:30,545.0,545.3,544.7,545.15,297
2025-09-25 11:05:00+05:30,545.15,545.25,544.45,544.45,2034
2025-09-25 11:10:00+05:30,544.45,544.8,543.85,544.65,2464
2025-09-25 11:15:00+05:30,544.65,544.65,543.35,543.85,565
2025-09-25 11:20:00+05:30,543.85,544.25,543.35,543.85,479
2025-09-25 11:25:00+05:30,543.85,544.15,543.4,544.05,869
2025-09-25 11:30:00+05:30,544.05,544.4,543.45,543.5,1248
2025-09-25 11:35:00+05:30,543.5,543.5,542.3,542.95,3149
2025-09-25 11:40:00+05:30,542.95,543.45,541.5,541.8,2191
2025-09-25 11:45:00+05:30,541.8,543.3,541.8,543.0,6286
2025-09-25 11:50:00+05:30,543.0,543.2,541.8,542.6,1757
2025-09-25 11:55:00+05:30,542.6,542.95,541.8,542.9,1009
2025-09-25 12:00:00+05:30,542.85,542.85,542.4,542.85,736
2025-09-25 12:05:00+05:30,542.5,542.5,541.5,541.5,1238
2025-09-25 12:10:00+05:30,541.5,542.0,541.5,541.55,504
2025-09-25 12:15:00+05:30,541.55,542.0,541.0,541.2,1835
2025-09-25 12:20:00+05:30,541.4,541.5,541.15,541.45,188
2025-09-25 12:25:00+05:30,541.45,541.45,540.5,541.15,510
2025-09-25 12:30:00+05:30,541.15,541.15,538.85,539.85,6380
2025-09-25 12:35:00+05:30,539.85,540.25,539.5,539.6,1143
2025-09-25 12:40:00+05:30,539.55,539.95,538.75,539.4,1873
2025-09-25 12:45:00+05:30,539.5,539.95,538.55,538.55,2167
2025-09-25 12:50:00+05:30,538.55,539.2,538.45,538.95,1098
2025-09-25 12:55:00+05:30,538.95,539.2,538.05,538.05,1324
2025-09-25 13:00:00+05:30,538.05,539.0,538.0,538.65,2737
2025-09-25 13:05:00+05:30,538.65,539.6,538.2,539.6,1259
2025-09-25 13:10:00+05:30,539.6,540.45,539.0,540.0,2539
2025-09-25 13:15:00+05:30,540.0,540.35,538.0,539.0,2632
2025-09-25 13:20:00+05:30,539.0,539.7,538.0,539.45,4439
2025-09-25 13:25:00+05:30,539.45,540.0,539.25,539.7,998
2025-09-25 13:30:00+05:30,539.7,540.0,539.55,539.55,374
2025-09-25 13:35:00+05:30,539.9,539.9,538.6,538.95,762
2025-09-25 13:40:00+05:30,538.95,539.0,538.6,538.6,292
2025-09-25 13:45:00+05:30,538.6,540.1,538.4,539.6,2660
2025-09-25 13:50:00+05:30,539.6,539.95,539.25,539.25,936
2025-09-25 13:55:00+05:30,539.25,539.95,539.0,539.45,617
2025-09-25 14:00:00+05:30,539.45,539.95,538.45,539.7,2687
2025-09-25 14:05:00+05:30,539.7,540.6,539.35,539.8,1939
2025-09-25 14:10:00+05:30,539.8,541.5,532.95,535.0,28534
2025-09-25 14:15:00+05:30,535.5,537.5,535.0,537.1,6240
2025-09-25 14:20:00+05:30,537.1,537.4,534.25,536.15,11854
2025-09-25 14:25:00+05:30,536.15,537.15,535.55,536.8,1823
2025-09-25 14:30:00+05:30,536.8,537.0,535.75,536.6,1669
2025-09-25 14:35:00+05:30,536.6,538.2,536.0,537.65,3506
2025-09-25 14:40:00+05:30,537.65,537.8,535.0,535.2,2861
2025-09-25 14:45:00+05:30,535.2,535.55,534.5,534.7,3348
2025-09-25 14:50:00+05:30,534.7,535.0,534.0,534.95,1950
2025-09-25 14:55:00+05:30,531.0,532.5,529.05,530.1,61102
2025-09-25 15:00:00+05:30,530.1,530.8,528.85,529.85,10282
2025-09-25 15:05:00+05:30,528.85,533.2,526.8,532.2,30654
2025-09-25 15:10:00+05:30,532.2,533.45,531.5,532.55,8410
2025-09-25 15:15:00+05:30,532.75,534.4,532.4,532.55,9094
2025-09-25 15:20:00+05:30,532.8,534.6,531.85,534.6,10893
2025-09-25 15:25:00+05:30,534.6,535.95,534.2,535.85,6491
2025-09-26 09:15:00+05:30,531.65,538.0,531.65,536.6,19385
2025-09-26 09:20:00+05:30,536.6,541.35,535.0,540.1,17434
2025-09-26 09:25:00+05:30,539.45,541.5,537.15,538.25,10642
2025-09-26 09:30:00+05:30,538.05,538.05,535.15,537.25,9368
2025-09-26 09:35:00+05:30,537.25,539.95,536.3,539.45,11557
2025-09-26 09:40:00+05:30,539.5,543.05,539.5,542.7,19347
2025-09-26 09:45:00+05:30,542.25,544.5,541.8,543.95,10722
2025-09-26 09:50:00+05:30,543.95,545.9,543.0,543.85,19771
2025-09-26 09:55:00+05:30,543.85,544.0,543.0,543.4,7559
2025-09-26 10:00:00+05:30,544.05,544.05,541.45,542.25,13844
2025-09-26 10:05:00+05:30,542.2,542.35,541.15,541.5,5376
2025-09-26 10:10:00+05:30,541.5,542.4,541.35,541.6,4476
2025-09-26 10:15:00+05:30,541.6,542.4,541.05,542.2,6866
2025-09-26 10:20:00+05:30,542.2,542.35,540.75,541.15,9394
2025-09-26 10:25:00+05:30,541.25,541.7,540.5,541.2,15442
2025-09-26 10:30:00+05:30,541.2,541.75,540.8,541.0,19695
2025-09-26 10:35:00+05:30,541.0,541.4,540.3,540.85,5826
2025-09-26 10:40:00+05:30,540.85,540.95,539.4,540.0,15306
2025-09-26 10:45:00+05:30,540.0,540.5,539.1,540.25,6471
2025-09-26 10:50:00+05:30,540.25,540.35,539.85,540.0,2756
2025-09-26 10:55:00+05:30,540.0,540.3,539.6,540.0,3873
2025-09-26 11:00:00+05:30,540.0,540.25,539.4,540.0,1675
2025-09-26 11:05:00+05:30,539.7,540.35,539.55,540.0,14525
2025-09-26 11:10:00+05:30,540.0,540.0,539.7,540.0,786
2025-09-26 11:15:00+05:30,539.7,540.2,539.7,540.0,3569
2025-09-26 11:20:00+05:30,540.0,540.15,539.6,540.0,6651
2025-09-26 11:25:00+05:30,540.0,540.1,539.45,540.0,12937
2025-09-26 11:30:00+05:30,540.0,540.05,539.55,540.0,951
2025-09-26 11:35:00+05:30,540.0,540.0,539.55,540.0,2780
2025-09-26 11:40:00+05:30,540.0,540.0,539.05,539.5,1141
2025-09-26 11:45:00+05:30,539.6,539.8,539.5,539.8,1508
2025-09-26 11:50:00+05:30,539.8,539.8,538.8,539.75,2782
2025-09-26 11:55:00+05:30,539.35,539.75,539.35,539.7,304
2025-09-26 12:00:00+05:30,539.7,539.75,539.5,539.75,1821
2025-09-26 12:05:00+05:30,539.75,539.75,539.3,539.65,1013
2025-09-26 12:10:00+05:30,539.65,539.75,539.3,539.75,1048
2025-09-26 12:15:00+05:30,539.75,539.85,539.3,539.85,786
2025-09-26 12:20:00+05:30,539.85,540.0,539.5,540.0,3841
2025-09-26 12:25:00+05:30,540.0,540.0,539.7,540.0,14824
2025-09-26 12:30:00+05:30,540.0,540.35,539.75,539.9,14136
2025-09-26 12:35:00+05:30,540.0,540.35,539.7,540.0,2035
2025-09-26 12:40:00+05:30,539.7,540.0,539.7,539.8,3263
2025-09-26 12:45:00+05:30,539.8,540.0,539.7,539.9,224
2025-09-26 12:50:00+05:30,540.0,540.0,539.8,540.0,203
2025-09-26 12:55:00+05:30,540.0,540.0,539.55,539.95,590
2025-09-26 13:00:00+05:30,539.95,540.0,539.7,540.0,1749
2025-09-26 13:05:00+05:30,540.0,540.0,539.75,540.0,780
2025-09-26 13:10:00+05:30,540.0,540.0,539.8,540.0,1893
2025-09-26 13:15:00+05:30,540.0,540.0,539.9,540.0,1946
2025-09-26 13:20:00+05:30,540.0,540.0,539.8,539.9,1504
2025-09-26 13:25:00+05:30,540.0,540.0,539.65,539.8,1920
2025-09-26 13:30:00+05:30,539.8,539.8,538.35,539.35,9624
2025-09-26 13:35:00+05:30,539.35,539.65,538.8,539.1,4374
2025-09-26 13:40:00+05:30,539.1,539.1,537.4,537.85,3794
2025-09-26 13:45:00+05:30,537.8,539.0,537.6,538.5,1507
2025-09-26 13:50:00+05:30,538.55,538.6,537.4,538.0,1943
2025-09-26 13:55:00+05:30,538.35,538.5,535.95,537.2,6734
2025-09-26 14:00:00+05:30,536.7,539.0,536.6,538.8,7159
2025-09-26 14:05:00+05:30,538.5,539.6,538.15,539.3,7783
2025-09-26 14:10:00+05:30,538.75,540.0,538.65,539.9,7913
2025-09-26 14:15:00+05:30,539.9,540.25,538.9,539.9,9752
2025-09-26 14:20:00+05:30,540.0,540.25,539.55,540.05,4789
2025-09-26 14:25:00+05:30,540.05,540.35,538.65,540.0,7718
2025-09-26 14:30:00+05:30,540.05,540.05,539.05,540.0,5877
2025-09-26 14:35:00+05:30,540.0,540.05,539.3,540.0,9606
2025-09-26 14:40:00+05:30,539.9,540.15,539.5,540.0,4659
2025-09-26 14:45:00+05:30,539.7,540.4,539.7,540.0,4271
2025-09-26 14:50:00+05:30,540.0,540.25,539.9,540.15,7450
2025-09-26 14:55:00+05:30,541.15,545.2,539.75,540.0,24025
2025-09-26 15:00:00+05:30,539.9,540.05,539.35,539.65,10145
2025-09-26 15:05:00+05:30,540.0,540.0,539.15,540.0,8038
2025-09-26 15:10:00+05:30,540.0,540.0,539.7,540.0,13164
2025-09-26 15:15:00+05:30,540.0,540.5,539.9,540.5,22368
2025-09-26 15:20:00+05:30,540.7,540.75,539.7,540.25,12153
2025-09-26 15:25:00+05:30,540.25,540.4,538.75,540.0,13403
2025-09-29 09:15:00+05:30,541.3,545.2,537.0,538.4,18274
2025-09-29 09:20:00+05:30,538.55,546.2,538.2,546.2,12958
2025-09-29 09:25:00+05:30,546.2,546.65,543.35,545.0,9678
2025-09-29 09:30:00+05:30,544.6,546.55,544.6,545.85,4351
2025-09-29 09:35:00+05:30,545.85,547.9,545.7,547.15,6135
2025-09-29 09:40:00+05:30,547.45,547.75,545.3,545.85,3757
2025-09-29 09:45:00+05:30,546.2,547.0,546.2,546.65,2436
2025-09-29 09:50:00+05:30,546.05,546.9,544.95,545.5,3093
2025-09-29 09:55:00+05:30,545.5,546.9,545.5,546.0,2590
2025-09-29 10:00:00+05:30,546.0,546.5,545.55,545.55,1199
2025-09-29 10:05:00+05:30,545.35,546.3,544.8,546.3,4008
2025-09-29 10:10:00+05:30,546.3,546.9,546.05,546.8,1686
2025-09-29 10:15:00+05:30,546.8,547.5,546.55,547.45,2793
2025-09-29 10:20:00+05:30,547.45,547.45,546.6,546.95,1471
2025-09-29 10:25:00+05:30,547.15,547.15,546.1,546.35,700
2025-09-29 10:30:00+05:30,546.35,546.85,546.1,546.85,1284
2025-09-29 10:35:00+05:30,546.85,547.15,546.2,546.9,3500
2025-09-29 10:40:00+05:30,546.9,546.95,546.25,546.85,912
2025-09-29 10:45:00+05:30,546.8,546.8,545.2,545.75,2972
2025-09-29 10:50:00+05:30,545.75,545.75,544.75,545.2,3560
2025-09-29 10:55:00+05:30,545.0,545.75,544.5,545.75,1590
2025-09-29 11:00:00+05:30,545.75,546.55,545.35,545.8,1909
2025-09-29 11:05:00+05:30,545.8,546.1,545.15,545.35,415
2025-09-29 11:10:00+05:30,545.65,546.1,545.5,545.85,606
2025-09-29 11:15:00+05:30,545.5,545.9,543.5,544.5,4753
2025-09-29 11:20:00+05:30,544.5,545.5,544.35,544.7,2707
2025-09-29 11:25:00+05:30,544.7,544.7,543.0,544.0,10685
2025-09-29 11:30:00+05:30,544.0,544.2,542.6,542.6,1597
2025-09-29 11:35:00+05:30,542.75,542.75,541.9,542.0,3777
2025-09-29 11:40:00+05:30,542.0,542.0,539.75,540.05,11345
2025-09-29 11:45:00+05:30,540.05,540.05,539.5,539.95,2416
2025-09-29 11:50:00+05:30,540.0,540.2,539.7,539.85,899
2025-09-29 11:55:00+05:30,539.85,540.75,539.65,540.0,2271
2025-09-29 12:00:00+05:30,540.0,540.4,539.55,539.95,2912
2025-09-29 12:05:00+05:30,539.95,540.0,538.75,539.5,7471
2025-09-29 12:10:00+05:30,539.5,540.3,539.0,539.95,3575
2025-09-29 12:15:00+05:30,539.85,540.05,539.25,539.85,4324
2025-09-29 12:20:00+05:30,539.85,540.0,539.5,540.0,680
2025-09-29 12:25:00+05:30,540.0,540.0,539.85,540.0,170
2025-09-29 12:30:00+05:30,540.0,540.0,539.65,539.7,172
2025-09-29 12:35:00+05:30,539.75,540.45,539.7,540.35,1571
2025-09-29 12:40:00+05:30,540.35,540.35,539.3,539.65,959
2025-09-29 12:45:00+05:30,539.65,539.95,539.05,539.5,1201
2025-09-29 12:50:00+05:30,539.5,540.0,539.05,539.85,1178
2025-09-29 12:55:00+05:30,539.85,540.35,539.5,539.95,3638
2025-09-29 13:00:00+05:30,539.9,540.25,539.5,540.25,298
2025-09-29 13:05:00+05:30,540.2,540.5,540.05,540.25,186
2025-09-29 13:10:00+05:30,540.25,540.25,540.15,540.2,185
2025-09-29 13:15:00+05:30,540.2,540.2,539.55,540.05,908
2025-09-29 13:20:00+05:30,540.05,540.1,539.6,540.0,434
2025-09-29 13:25:00+05:30,540.0,540.1,539.6,540.0,791
2025-09-29 13:30:00+05:30,540.0,540.0,539.6,540.0,2074
2025-09-29 13:35:00+05:30,540.0,540.0,539.7,540.0,384
2025-09-29 13:40:00+05:30,539.7,540.0,539.3,539.6,3198
2025-09-29 13:45:00+05:30,539.6,539.8,539.25,539.75,574
2025-09-29 13:50:00+05:30,539.75,539.8,539.35,539.4,318
2025-09-29 13:55:00+05:30,539.4,539.8,539.35,539.7,350
2025-09-29 14:00:00+05:30,539.7,540.05,539.7,540.0,1275
2025-09-29 14:05:00+05:30,540.0,540.0,539.75,539.85,400
2025-09-29 14:10:00+05:30,539.85,540.4,539.75,539.75,3441
2025-09-29 14:15:00+05:30,540.0,540.25,539.8,539.8,1540
2025-09-29 14:20:00+05:30,540.0,540.5,539.75,539.85,3063
2025-09-29 14:25:00+05:30,539.85,540.05,539.45,539.6,6649
2025-09-29 14:30:00+05:30,539.95,540.0,539.3,539.35,1324
2025-09-29 14:35:00+05:30,539.4,539.8,539.2,539.5,2406
2025-09-29 14:40:00+05:30,539.3,539.6,538.75,539.25,2471
2025-09-29 14:45:00+05:30,539.35,539.45,538.7,539.45,1320
2025-09-29 14:50:00+05:30,539.45,539.55,538.9,539.0,1426
2025-09-29 14:55:00+05:30,539.1,539.55,538.55,538.6,1833
2025-09-29 15:00:00+05:30,538.9,539.25,537.75,539.25,5551
2025-09-29 15:05:00+05:30,539.25,540.1,538.2,539.3,13124
2025-09-29 15:10:00+05:30,539.4,539.6,537.25,537.6,3260
2025-09-29 15:15:00+05:30,537.6,539.4,536.3,538.95,8011
2025-09-29 15:20:00+05:30,538.95,539.5,537.15,538.45,4204
2025-09-29 15:25:00+05:30,538.45,538.85,533.1,538.05,14885
2025-09-30 09:15:00+05:30,537.95,541.0,536.6,539.75,6370
2025-09-30 09:20:00+05:30,539.85,541.6,538.55,540.75,4653
2025-09-30 09:25:00+05:30,541.8,543.15,540.25,541.0,5453
2025-09-30 09:30:00+05:30,541.45,542.15,540.0,542.0,1342
2025-09-30 09:35:00+05:30,542.2,542.55,540.05,540.05,1551
2025-09-30 09:40:00+05:30,539.95,540.15,538.2,538.6,3967
2025-09-30 09:45:00+05:30,538.25,538.35,537.85,538.3,473
2025-09-30 09:50:00+05:30,538.4,539.2,537.9,538.75,4152
2025-09-30 09:55:00+05:30,538.75,540.15,538.45,538.9,5573
2025-09-30 10:00:00+05:30,538.95,540.3,538.35,538.35,1488
2025-09-30 10:05:00+05:30,538.35,538.75,537.9,538.0,1503
2025-09-30 10:10:00+05:30,538.0,538.0,535.6,535.8,2355
2025-09-30 10:15:00+05:30,535.8,536.15,534.5,534.7,2712
2025-09-30 10:20:00+05:30,534.55,536.95,534.35,536.25,3190
2025-09-30 10:25:00+05:30,536.25,536.25,534.25,534.25,1029
2025-09-30 10:30:00+05:30,534.45,534.85,534.2,534.65,258
2025-09-30 10:35:00+05:30,534.7,535.25,533.35,534.85,6957
2025-09-30 10:40:00+05:30,534.85,535.9,534.8,535.9,1217
2025-09-30 10:45:00+05:30,535.9,536.0,534.8,534.8,2431
2025-09-30 10:50:00+05:30,534.8,535.9,534.8,535.6,1466
2025-09-30 10:55:00+05:30,535.6,535.6,535.2,535.4,348
2025-09-30 11:00:00+05:30,535.4,535.75,535.3,535.75,307
2025-09-30 11:05:00+05:30,535.75,535.85,534.6,535.05,2159
2025-09-30 11:10:00+05:30,535.05,535.3,534.6,534.65,676
2025-09-30 11:15:00+05:30,535.15,535.25,534.4,535.25,2321
2025-09-30 11:20:00+05:30,535.25,535.5,534.8,535.15,1132
2025-09-30 11:25:00+05:30,535.15,535.45,534.9,535.05,5044
2025-09-30 11:30:00+05:30,535.05,535.75,534.8,535.05,4196
2025-09-30 11:35:00+05:30,534.8,539.55,534.8,538.45,2400
2025-09-30 11:40:00+05:30,538.45,538.9,537.35,537.6,2763
2025-09-30 11:45:00+05:30,537.5,537.5,535.0,535.3,2678
2025-09-30 11:50:00+05:30,535.3,535.55,534.5,535.0,2319
2025-09-30 11:55:00+05:30,535.0,535.0,533.65,534.4,4091
2025-09-30 12:00:00+05:30,534.4,534.95,533.95,534.0,2249
2025-09-30 12:05:00+05:30,534.0,534.45,533.95,534.45,2368
2025-09-30 12:10:00+05:30,534.55,534.55,533.85,533.95,616
2025-09-30 12:15:00+05:30,533.95,534.1,533.45,533.85,703
2025-09-30 12:20:00+05:30,533.85,534.2,533.5,533.75,1483
2025-09-30 12:25:00+05:30,533.75,533.9,533.35,533.9,206
2025-09-30 12:30:00+05:30,533.9,533.9,533.45,533.9,495
2025-09-30 12:35:00+05:30,533.9,534.4,533.5,534.35,2347
2025-09-30 12:40:00+05:30,534.35,534.95,534.25,534.95,1617
2025-09-30 12:45:00+05:30,534.95,535.25,534.35,534.75,2473
2025-09-30 12:50:00+05:30,534.75,535.0,534.35,535.0,680
2025-09-30 12:55:00+05:30,535.0,535.0,534.95,535.0,1585
2025-09-30 13:00:00+05:30,535.0,535.9,534.85,534.95,2006
2025-09-30 13:05:00+05:30,534.95,534.95,534.15,534.15,854
2025-09-30 13:10:00+05:30,534.2,534.55,532.55,532.6,3502
2025-09-30 13:15:00+05:30,532.6,533.3,532.6,532.85,1134
2025-09-30 13:20:00+05:30,532.85,532.85,532.0,532.55,736
2025-09-30 13:25:00+05:30,532.55,532.8,531.4,531.5,1795
2025-09-30 13:30:00+05:30,531.5,531.9,531.3,531.45,1220
2025-09-30 13:35:00+05:30,531.45,532.1,530.0,530.5,3027
2025-09-30 13:40:00+05:30,530.5,531.4,530.25,530.6,1673
2025-09-30 13:45:00+05:30,531.0,532.05,531.0,531.85,698
2025-09-30 13:50:00+05:30,531.9,532.1,531.25,531.65,1502
2025-09-30 13:55:00+05:30,531.65,533.0,531.55,533.0,1300
2025-09-30 14:00:00+05:30,533.0,533.25,532.6,532.95,2638
2025-09-30 14:05:00+05:30,533.5,534.45,533.15,533.75,1343
2025-09-30 14:10:00+05:30,533.75,534.7,533.3,534.7,1826
2025-09-30 14:15:00+05:30,534.7,534.8,533.85,534.45,2239
2025-09-30 14:20:00+05:30,534.45,535.0,533.85,534.5,2526
2025-09-30 14:25:00+05:30,534.5,535.0,534.35,535.0,979
2025-09-30 14:30:00+05:30,535.0,535.1,534.65,535.0,2054
2025-09-30 14:35:00+05:30,535.0,535.0,534.8,535.0,5516
2025-09-30 14:40:00+05:30,535.0,535.0,534.8,535.0,4957
2025-09-30 14:45:00+05:30,535.0,535.1,534.65,534.65,2443
2025-09-30 14:50:00+05:30,534.65,535.95,534.25,535.0,4490
2025-09-30 14:55:00+05:30,535.0,536.25,534.6,535.0,2649
2025-09-30 15:00:00+05:30,535.0,535.45,535.0,535.05,4758
2025-09-30 15:05:00+05:30,535.4,535.6,534.95,535.0,6445
2025-09-30 15:10:00+05:30,535.0,535.55,534.85,535.0,6714
2025-09-30 15:15:00+05:30,535.0,535.55,534.6,535.05,8909
2025-09-30 15:20:00+05:30,535.05,535.2,534.55,534.9,10232
2025-09-30 15:25:00+05:30,534.8,535.0,534.75,535.0,6822
2025-10-01 09:15:00+05:30,539.0,540.0,534.85,537.65,14356
2025-10-01 09:20:00+05:30,537.65,538.9,535.75,536.6,5490
2025-10-01 09:25:00+05:30,536.85,536.85,533.6,535.0,4987
2025-10-01 09:30:00+05:30,535.0,537.2,534.3,535.2,2165
2025-10-01 09:35:00+05:30,535.35,540.0,535.35,537.95,3973
2025-10-01 09:40:00+05:30,537.95,540.0,537.95,538.95,3498
2025-10-01 09:45:00+05:30,538.95,539.0,538.0,538.45,2885
2025-10-01 09:50:00+05:30,538.45,538.45,535.15,535.55,3552
2025-10-01 09:55:00+05:30,535.25,536.4,535.25,535.95,1409
2025-10-01 10:00:00+05:30,535.95,536.15,535.05,535.25,710
2025-10-01 10:05:00+05:30,534.7,536.0,534.0,536.0,2445
2025-10-01 10:10:00+05:30,535.5,535.7,534.3,535.7,1940
2025-10-01 10:15:00+05:30,535.7,536.65,535.7,536.15,337
2025-10-01 10:20:00+05:30,536.15,537.0,532.55,533.5,5533
2025-10-01 10:25:00+05:30,533.1,533.45,529.2,529.4,9503
2025-10-01 10:30:00+05:30,529.4,530.1,527.95,529.05,8938
2025-10-01 10:35:00+05:30,529.05,529.7,528.05,528.6,2709
2025-10-01 10:40:00+05:30,528.6,529.0,528.05,528.25,836
2025-10-01 10:45:00+05:30,528.25,529.9,528.05,529.25,2599
2025-10-01 10:50:00+05:30,529.25,529.85,528.9,529.0,420
2025-10-01 10:55:00+05:30,529.0,530.3,529.0,530.05,3831
2025-10-01 11:00:00+05:30,530.05,530.45,529.15,529.9,1289
2025-10-01 11:05:00+05:30,529.6,529.95,529.2,529.7,413
2025-10-01 11:10:00+05:30,529.7,532.05,529.5,530.65,24459
2025-10-01 11:15:00+05:30,530.65,531.95,530.25,530.8,4254
2025-10-01 11:20:00+05:30,530.9,531.0,530.15,530.55,4435
2025-10-01 11:25:00+05:30,530.55,531.65,530.35,530.7,3248
2025-10-01 11:30:00+05:30,530.7,531.55,530.7,530.75,1133
2025-10-01 11:35:00+05:30,530.75,531.45,530.0,530.1,4183
2025-10-01 11:40:00+05:30,530.1,530.4,529.6,529.6,2804
2025-10-01 11:45:00+05:30,529.7,529.8,529.05,529.75,1557
2025-10-01 11:50:00+05:30,529.75,529.8,529.0,529.25,2345
2025-10-01 11:55:00+05:30,529.25,529.8,529.0,529.65,580
2025-10-01 12:00:00+05:30,529.65,529.8,529.65,529.75,519
2025-10-01 12:05:00+05:30,529.75,529.75,528.55,529.05,5146
2025-10-01 12:10:00+05:30,529.05,529.2,528.45,528.9,629
2025-10-01 12:15:00+05:30,528.9,529.45,528.7,528.85,1574
2025-10-01 12:20:00+05:30,528.85,528.85,528.4,528.8,320
2025-10-01 12:25:00+05:30,528.8,529.5,528.1,528.9,8967
2025-10-01 12:30:00+05:30,528.75,529.5,528.25,529.25,2848
2025-10-01 12:35:00+05:30,529.25,530.35,529.25,529.75,951
2025-10-01 12:40:00+05:30,529.75,530.1,529.2,530.1,845
2025-10-01 12:45:00+05:30,530.1,530.1,529.25,529.25,724
2025-10-01 12:50:00+05:30,529.25,529.5,528.7,529.0,618
2025-10-01 12:55:00+05:30,529.0,529.65,529.0,529.15,1063
2025-10-01 13:00:00+05:30,529.15,529.5,529.15,529.45,136
2025-10-01 13:05:00+05:30,529.45,529.45,528.15,528.35,1322
2025-10-01 13:10:00+05:30,528.35,528.75,528.35,528.4,460
2025-10-01 13:15:00+05:30,528.4,528.7,526.45,526.45,4403
2025-10-01 13:20:00+05:30,526.45,526.45,525.05,525.25,2647
2025-10-01 13:25:00+05:30,525.25,525.85,524.65,525.55,4864
2025-10-01 13:30:00+05:30,525.55,525.55,524.3,524.85,1983
2025-10-01 13:35:00+05:30,524.85,526.25,524.5,526.25,2468
2025-10-01 13:40:00+05:30,526.25,526.9,525.4,526.7,1774
2025-10-01 13:45:00+05:30,526.7,526.9,525.85,526.0,737
2025-10-01 13:50:00+05:30,526.1,526.1,525.35,525.35,3313
2025-10-01 13:55:00+05:30,525.0,526.4,525.0,526.2,9725
2025-10-01 14:00:00+05:30,526.2,526.6,525.0,526.35,5185
2025-10-01 14:05:00+05:30,526.35,526.6,526.05,526.05,761
2025-10-01 14:10:00+05:30,526.05,526.5,526.05,526.35,1858
2025-10-01 14:15:00+05:30,526.35,527.0,526.35,526.4,1346
2025-10-01 14:20:00+05:30,526.4,526.85,526.0,526.0,6808
2025-10-01 14:25:00+05:30,526.0,526.0,525.0,525.25,4080
2025-10-01 14:30:00+05:30,525.25,525.6,525.0,525.55,8437
2025-10-01 14:35:00+05:30,525.55,526.05,525.25,525.3,1420
2025-10-01 14:40:00+05:30,525.3,525.85,525.25,525.3,1252
2025-10-01 14:45:00+05:30,525.3,525.7,525.0,525.05,3537
2025-10-01 14:50:00+05:30,525.05,525.4,525.0,525.25,17657
2025-10-01 14:55:00+05:30,525.05,526.85,524.0,524.7,28245
2025-10-01 15:00:00+05:30,524.65,525.0,524.45,525.0,3187
2025-10-01 15:05:00+05:30,525.0,525.0,524.2,524.35,5097
2025-10-01 15:10:00+05:30,524.35,524.4,523.05,523.15,6065
2025-10-01 15:15:00+05:30,523.15,524.2,523.1,523.35,21216
2025-10-01 15:20:00+05:30,523.35,523.8,522.15,522.3,33247
2025-10-01 15:25:00+05:30,523.0,525.0,522.4,524.8,16721
2025-10-03 09:15:00+05:30,524.95,528.45,523.55,527.15,5877
2025-10-03 09:20:00+05:30,527.15,530.0,525.3,526.55,10863
2025-10-03 09:25:00+05:30,526.9,528.0,524.55,527.95,3940
2025-10-03 09:30:00+05:30,527.1,527.95,525.0,527.35,1897
2025-10-03 09:35:00+05:30,527.35,528.75,526.05,528.75,4652
2025-10-03 09:40:00+05:30,528.75,529.6,527.6,528.75,1755
2025-10-03 09:45:00+05:30,528.4,528.4,525.75,526.85,2371
2025-10-03 09:50:00+05:30,526.85,529.25,526.8,528.2,3781
2025-10-03 09:55:00+05:30,528.2,529.05,528.0,528.65,1005
2025-10-03 10:00:00+05:30,529.15,529.35,527.2,527.65,881
2025-10-03 10:05:00+05:30,527.65,528.6,527.25,527.45,741
2025-10-03 10:10:00+05:30,527.4,527.4,526.4,527.3,625
2025-10-03 10:15:00+05:30,527.3,527.45,526.05,526.05,2299
2025-10-03 10:20:00+05:30,526.05,526.8,525.9,526.5,769
2025-10-03 10:25:00+05:30,526.5,527.5,525.7,527.5,1016
2025-10-03 10:30:00+05:30,527.5,528.2,526.25,526.55,1489
2025-10-03 10:35:00+05:30,526.55,527.3,525.7,526.0,1695
2025-10-03 10:40:00+05:30,526.0,526.5,525.65,526.15,1029
2025-10-03 10:45:00+05:30,526.35,526.75,525.05,525.05,682
2025-10-03 10:50:00+05:30,525.05,526.0,525.05,526.0,504
2025-10-03 10:55:00+05:30,526.0,526.0,525.45,525.5,1205
2025-10-03 11:00:00+05:30,525.5,526.0,525.45,525.85,588
2025-10-03 11:05:00+05:30,526.0,526.0,525.55,525.75,857
2025-10-03 11:10:00+05:30,525.75,526.9,525.75,526.15,670
2025-10-03 11:15:00+05:30,526.15,526.9,526.15,526.55,758
2025-10-03 11:20:00+05:30,526.55,527.15,526.45,526.5,623
2025-10-03 11:25:00+05:30,526.5,527.7,526.2,526.95,639
2025-10-03 11:30:00+05:30,526.95,527.7,526.4,527.15,625
2025-10-03 11:35:00+05:30,527.15,528.25,527.15,528.2,253
2025-10-03 11:40:00+05:30,528.2,528.25,527.45,527.45,1063
2025-10-03 11:45:00+05:30,527.45,528.45,527.0,528.45,1229
2025-10-03 11:50:00+05:30,528.45,529.5,527.95,529.45,2329
2025-10-03 11:55:00+05:30,529.45,529.5,528.9,528.9,1132
2025-10-03 12:00:00+05:30,528.9,529.55,528.5,529.15,3334
2025-10-03 12:05:00+05:30,529.15,530.0,529.15,529.4,690
2025-10-03 12:10:00+05:30,529.4,529.8,528.45,528.8,1483
2025-10-03 12:15:00+05:30,528.8,528.8,526.15,526.15,1067
2025-10-03 12:20:00+05:30,526.15,527.1,526.15,526.75,752
2025-10-03 12:25:00+05:30,526.75,527.5,526.5,526.9,1076
2025-10-03 12:30:00+05:30,526.9,527.5,526.6,527.25,969
2025-10-03 12:35:00+05:30,527.25,528.05,526.9,527.8,1644
2025-10-03 12:40:00+05:30,527.8,527.8,526.65,527.35,1893
2025-10-03 12:45:00+05:30,526.95,527.5,526.85,527.0,2292
2025-10-03 12:50:00+05:30,527.0,527.35,526.8,527.0,511
2025-10-03 12:55:00+05:30,527.0,527.0,525.75,525.75,1208
2025-10-03 13:00:00+05:30,525.75,526.0,525.15,525.7,1523
2025-10-03 13:05:00+05:30,525.7,526.2,525.2,525.65,1846
2025-10-03 13:10:00+05:30,525.65,526.4,525.3,525.55,2216
2025-10-03 13:15:00+05:30,525.9,526.75,525.35,526.75,978
2025-10-03 13:20:00+05:30,526.75,526.75,525.55,526.4,607
2025-10-03 13:25:00+05:30,526.4,526.4,525.35,525.85,580
2025-10-03 13:30:00+05:30,525.85,527.0,525.8,526.7,2338
2025-10-03 13:35:00+05:30,526.7,527.0,526.45,526.5,571
2025-10-03 13:40:00+05:30,526.5,526.6,526.0,526.1,1033
2025-10-03 13:45:00+05:30,526.5,527.0,526.0,526.4,1854
2025-10-03 13:50:00+05:30,526.4,527.05,526.4,526.75,881
2025-10-03 13:55:00+05:30,526.75,528.0,526.75,527.8,521
2025-10-03 14:00:00+05:30,527.8,528.8,527.8,528.6,541
2025-10-03 14:05:00+05:30,528.6,528.85,527.85,528.45,1144
2025-10-03 14:10:00+05:30,528.45,528.7,528.1,528.1,504
2025-10-03 14:15:00+05:30,528.3,529.0,528.0,528.5,1069
2025-10-03 14:20:00+05:30,528.5,529.15,528.5,528.7,603
2025-10-03 14:25:00+05:30,528.7,529.7,528.5,529.7,1064
2025-10-03 14:30:00+05:30,529.8,529.8,529.2,529.55,425
2025-10-03 14:35:00+05:30,529.55,529.65,529.35,529.65,101
2025-10-03 14:40:00+05:30,529.65,529.9,528.0,528.45,3642
2025-10-03 14:45:00+05:30,528.45,528.95,527.75,528.95,1281
2025-10-03 14:50:00+05:30,528.95,528.95,527.75,527.75,1339
2025-10-03 14:55:00+05:30,527.65,528.4,527.0,527.85,1764
2025-10-03 15:00:00+05:30,528.0,528.8,527.5,528.0,7299
2025-10-03 15:05:00+05:30,528.0,528.75,527.85,528.15,3847
2025-10-03 15:10:00+05:30,528.15,528.3,527.75,528.15,861
2025-10-03 15:15:00+05:30,528.15,529.5,528.0,529.5,4515
2025-10-03 15:20:00+05:30,529.55,529.55,527.35,528.1,7366
2025-10-03 15:25:00+05:30,528.1,529.95,526.85,529.1,8782
2025-10-06 09:15:00+05:30,530.0,532.0,524.3,526.25,9579
2025-10-06 09:20:00+05:30,525.75,528.0,518.9,518.9,12160
2025-10-06 09:25:00+05:30,519.7,519.85,516.05,516.4,14185
2025-10-06 09:30:00+05:30,516.35,517.95,514.8,517.95,11876
2025-10-06 09:35:00+05:30,517.95,518.2,516.0,517.45,5024
2025-10-06 09:40:00+05:30,516.85,516.85,513.05,513.7,8469
2025-10-06 09:45:00+05:30,513.75,514.6,512.0,514.6,5771
2025-10-06 09:50:00+05:30,514.6,516.7,514.05,516.6,3629
2025-10-06 09:55:00+05:30,516.25,516.55,515.6,516.3,3959
2025-10-06 10:00:00+05:30,516.55,516.55,514.2,514.3,2434
2025-10-06 10:05:00+05:30,514.0,515.6,513.3,514.85,4399
2025-10-06 10:10:00+05:30,515.35,515.4,513.95,514.95,4190
2025-10-06 10:15:00+05:30,514.95,515.0,513.5,514.85,6160
2025-10-06 10:20:00+05:30,514.85,515.65,514.4,515.65,1338
2025-10-06 10:25:00+05:30,515.6,516.55,515.0,515.75,1807
2025-10-06 10:30:00+05:30,515.05,516.55,514.75,514.75,1474
2025-10-06 10:35:00+05:30,514.75,514.95,513.5,514.0,3403
2025-10-06 10:40:00+05:30,513.75,514.15,513.5,513.7,1394
2025-10-06 10:45:00+05:30,514.0,514.2,513.5,514.05,1562
2025-10-06 10:50:00+05:30,514.05,514.05,513.0,513.95,4494
2025-10-06 10:55:00+05:30,513.95,514.55,513.2,514.55,1084
2025-10-06 11:00:00+05:30,514.5,514.6,513.6,513.6,878
2025-10-06 11:05:00+05:30,513.9,514.15,513.3,513.5,3476
2025-10-06 11:10:00+05:30,513.95,514.2,513.4,513.4,1016
2025-10-06 11:15:00+05:30,513.8,513.8,512.0,512.45,3653
2025-10-06 11:20:00+05:30,512.45,512.65,512.0,512.6,1471
2025-10-06 11:25:00+05:30,512.65,512.8,511.0,511.05,3651
2025-10-06 11:30:00+05:30,511.6,511.8,511.05,511.7,1528
2025-10-06 11:35:00+05:30,511.7,515.7,511.45,515.6,7928
2025-10-06 11:40:00+05:30,515.6,517.5,515.05,517.45,3164
2025-10-06 11:45:00+05:30,517.45,517.5,516.5,517.25,1555
2025-10-06 11:50:00+05:30,517.45,517.5,514.3,514.95,1489
2025-10-06 11:55:00+05:30,514.55,514.7,512.55,513.35,2414
2025-10-06 12:00:00+05:30,513.35,513.4,511.1,511.55,4513
2025-10-06 12:05:00+05:30,511.55,512.4,511.05,512.25,4041
2025-10-06 12:10:00+05:30,512.25,512.5,511.55,512.05,1009
2025-10-06 12:15:00+05:30,512.4,512.85,512.0,512.5,1552
2025-10-06 12:20:00+05:30,512.5,513.05,512.2,512.5,1620
2025-10-06 12:25:00+05:30,512.5,512.85,512.0,512.5,1038
2025-10-06 12:30:00+05:30,512.5,512.95,512.3,512.5,593
2025-10-06 12:35:00+05:30,512.5,512.95,512.5,512.5,345
2025-10-06 12:40:00+05:30,512.5,512.95,512.5,512.5,493
2025-10-06 12:45:00+05:30,512.5,513.2,512.4,513.2,276
2025-10-06 12:50:00+05:30,513.2,513.35,512.6,513.05,815
2025-10-06 12:55:00+05:30,513.05,513.55,512.5,512.9,1426
2025-10-06 13:00:00+05:30,513.25,513.4,512.5,513.05,1670
2025-10-06 13:05:00+05:30,513.3,513.5,513.05,513.15,7934
2025-10-06 13:10:00+05:30,513.15,513.5,513.0,513.4,954
2025-10-06 13:15:00+05:30,513.4,513.7,513.0,513.65,1434
2025-10-06 13:20:00+05:30,513.65,513.65,513.0,513.0,2732
2025-10-06 13:25:00+05:30,513.0,513.45,512.1,512.1,16346
2025-10-06 13:30:00+05:30,512.2,512.2,507.75,508.25,18819
2025-10-06 13:35:00+05:30,508.25,508.65,506.3,507.4,5548
2025-10-06 13:40:00+05:30,507.55,508.3,505.05,505.05,13469
2025-10-06 13:45:00+05:30,505.35,505.35,501.5,502.25,25798
2025-10-06 13:50:00+05:30,503.15,503.15,499.9,502.05,24926
2025-10-06 13:55:00+05:30,502.05,503.7,501.9,503.0,8023
2025-10-06 14:00:00+05:30,503.0,503.3,500.7,503.2,19277
2025-10-06 14:05:00+05:30,502.9,503.15,502.0,502.15,9441
2025-10-06 14:10:00+05:30,502.5,502.75,502.0,502.15,7439
2025-10-06 14:15:00+05:30,502.15,503.0,502.0,502.0,5102
2025-10-06 14:20:00+05:30,502.0,505.4,502.0,505.35,11956
2025-10-06 14:25:00+05:30,505.35,508.75,505.25,507.5,21047
2025-10-06 14:30:00+05:30,507.6,508.8,506.95,508.7,9280
2025-10-06 14:35:00+05:30,508.4,509.0,507.45,509.0,9409
2025-10-06 14:40:00+05:30,508.4,509.0,507.1,507.4,10088
2025-10-06 14:45:00+05:30,507.25,510.4,507.2,508.2,22074
2025-10-06 14:50:00+05:30,508.2,508.9,507.15,508.15,10267
2025-10-06 14:55:00+05:30,508.15,509.35,505.0,506.15,32699
2025-10-06 15:00:00+05:30,506.05,507.0,505.05,505.65,32013
2025-10-06 15:05:00+05:30,505.45,506.05,505.0,505.8,15632
2025-10-06 15:10:00+05:30,505.95,507.0,505.4,505.9,15552
2025-10-06 15:15:00+05:30,505.9,507.7,505.6,506.9,16816
2025-10-06 15:20:00+05:30,506.9,509.55,506.55,509.55,19369
2025-10-06 15:25:00+05:30,509.4,510.5,509.35,510.5,25874
2025-10-07 09:15:00+05:30,509.7,512.0,507.65,509.1,16127
2025-10-07 09:20:00+05:30,508.45,511.0,507.9,510.9,7136
2025-10-07 09:25:00+05:30,511.2,516.4,509.75,514.5,19398
2025-10-07 09:30:00+05:30,514.5,516.45,513.65,515.7,5799
2025-10-07 09:35:00+05:30,515.6,516.5,514.9,515.45,5576
2025-10-07 09:40:00+05:30,515.45,516.5,514.85,516.5,4039
2025-10-07 09:45:00+05:30,516.45,517.95,515.8,516.75,13133
2025-10-07 09:50:00+05:30,516.75,519.15,515.9,517.6,9499
2025-10-07 09:55:00+05:30,517.6,518.55,517.0,518.0,3836
2025-10-07 10:00:00+05:30,518.45,522.0,518.1,521.4,12837
2025-10-07 10:05:00+05:30,521.4,521.75,518.0,518.75,10956
2025-10-07 10:10:00+05:30,518.75,518.9,517.75,518.65,3087
2025-10-07 10:15:00+05:30,518.15,518.8,517.35,517.35,3525
2025-10-07 10:20:00+05:30,517.15,517.95,515.7,516.4,5668
2025-10-07 10:25:00+05:30,516.4,517.0,515.15,515.6,4515
2025-10-07 10:30:00+05:30,515.6,516.5,514.8,516.1,6920
2025-10-07 10:35:00+05:30,516.1,516.8,515.3,516.55,2789
2025-10-07 10:40:00+05:30,516.15,516.6,515.3,515.85,3090
2025-10-07 10:45:00+05:30,516.0,516.25,515.3,515.95,1214
2025-10-07 10:50:00+05:30,515.95,516.5,515.4,516.05,1429
2025-10-07 10:55:00+05:30,516.05,516.6,515.35,516.5,5624
2025-10-07 11:00:00+05:30,516.05,516.65,515.75,516.5,1835
2025-10-07 11:05:00+05:30,516.5,516.95,516.05,516.85,1654
2025-10-07 11:10:00+05:30,516.85,516.9,515.55,516.5,2759
2025-10-07 11:15:00+05:30,516.5,516.65,515.7,516.0,1364
2025-10-07 11:20:00+05:30,516.0,517.0,514.6,516.75,5822
2025-10-07 11:25:00+05:30,515.95,516.95,515.7,516.6,1307
2025-10-07 11:30:00+05:30,516.6,516.6,514.8,515.25,5710
2025-10-07 11:35:00+05:30,515.7,521.85,515.05,521.45,6801
2025-10-07 11:40:00+05:30,521.45,524.45,521.45,523.5,29705
2025-10-07 11:45:00+05:30,523.5,523.55,520.45,521.05,8874
2025-10-07 11:50:00+05:30,521.05,524.5,520.45,524.0,8039
2025-10-07 11:55:00+05:30,524.5,526.75,524.25,526.2,16665
2025-10-07 12:00:00+05:30,526.5,527.0,525.0,525.05,5865
2025-10-07 12:05:00+05:30,525.2,525.4,524.95,525.4,2450
2025-10-07 12:10:00+05:30,525.35,526.35,525.35,526.3,2133
2025-10-07 12:15:00+05:30,526.3,526.9,525.35,526.15,2402
2025-10-07 12:20:00+05:30,526.15,526.4,525.45,526.15,1524
2025-10-07 12:25:00+05:30,526.15,526.7,526.15,526.25,1886
2025-10-07 12:30:00+05:30,526.25,526.7,525.4,525.85,998
2025-10-07 12:35:00+05:30,525.85,526.95,525.7,526.5,2796
2025-10-07 12:40:00+05:30,526.0,526.65,525.5,526.65,3807
2025-10-07 12:45:00+05:30,526.65,526.65,525.65,526.0,1519
2025-10-07 12:50:00+05:30,526.0,526.45,525.9,526.4,1637
2025-10-07 12:55:00+05:30,526.4,527.95,525.95,527.25,5314
2025-10-07 13:00:00+05:30,527.25,527.8,526.95,527.65,3131
2025-10-07 13:05:00+05:30,527.65,527.65,526.35,526.4,1947
2025-10-07 13:10:00+05:30,526.1,526.4,525.6,526.25,2855
2025-10-07 13:15:00+05:30,526.25,527.05,525.95,526.45,2173
2025-10-07 13:20:00+05:30,526.6,526.6,525.65,525.95,730
2025-10-07 13:25:00+05:30,525.95,526.2,525.15,525.9,3657
2025-10-07 13:30:00+05:30,525.9,526.1,525.2,525.2,609
2025-10-07 13:35:00+05:30,525.6,525.7,525.0,525.1,996
2025-10-07 13:40:00+05:30,525.1,526.0,525.05,525.7,1514
2025-10-07 13:45:00+05:30,525.7,525.95,525.3,525.95,258
2025-10-07 13:50:00+05:30,525.55,525.85,525.3,525.8,293
2025-10-07 13:55:00+05:30,525.8,525.8,524.95,525.55,1955
2025-10-07 14:00:00+05:30,525.55,526.0,525.0,525.55,2085
2025-10-07 14:05:00+05:30,525.5,526.95,525.5,526.9,3676
2025-10-07 14:10:00+05:30,526.95,527.5,525.5,526.05,4108
2025-10-07 14:15:00+05:30,526.05,526.3,525.55,525.9,650
2025-10-07 14:20:00+05:30,525.9,527.6,525.5,527.0,2300
2025-10-07 14:25:00+05:30,527.0,527.2,525.55,525.6,1024
2025-10-07 14:30:00+05:30,525.55,526.55,525.55,526.4,1435
2025-10-07 14:35:00+05:30,526.35,527.0,525.0,525.3,4915
2025-10-07 14:40:00+05:30,525.3,526.6,525.3,526.6,1073
2025-10-07 14:45:00+05:30,526.6,526.6,525.0,525.85,8904
2025-10-07 14:50:00+05:30,525.45,526.55,525.1,526.3,5157
2025-10-07 14:55:00+05:30,526.3,526.65,525.15,525.45,7710
2025-10-07 15:00:00+05:30,525.45,526.85,525.45,526.85,3194
2025-10-07 15:05:00+05:30,526.85,526.85,526.0,526.2,2093
2025-10-07 15:10:00+05:30,526.2,526.6,525.55,526.25,6592
2025-10-07 15:15:00+05:30,526.25,527.5,525.6,526.6,14910
2025-10-07 15:20:00+05:30,526.05,526.4,525.55,525.7,8401
2025-10-07 15:25:00+05:30,526.3,528.75,526.3,527.1,15030
2025-10-08 09:15:00+05:30,530.05,531.3,523.6,530.15,12074
2025-10-08 09:20:00+05:30,530.3,531.0,528.4,529.8,7782
2025-10-08 09:25:00+05:30,529.8,530.05,527.25,528.45,2886
2025-10-08 09:30:00+05:30,528.45,532.25,527.85,529.35,16503
2025-10-08 09:35:00+05:30,529.35,531.2,528.5,528.5,1531
2025-10-08 09:40:00+05:30,528.75,528.75,527.85,528.1,817
2025-10-08 09:45:00+05:30,528.25,529.4,527.9,528.75,5800
2025-10-08 09:50:00+05:30,528.8,528.8,526.95,527.5,3476
2025-10-08 09:55:00+05:30,527.5,527.8,527.25,527.3,423
2025-10-08 10:00:00+05:30,527.3,527.55,526.7,527.1,477
2025-10-08 10:05:00+05:30,527.1,527.1,525.6,526.45,1831
2025-10-08 10:10:00+05:30,526.45,526.45,524.0,524.0,3385
2025-10-08 10:15:00+05:30,524.0,524.15,523.15,523.5,1258
2025-10-08 10:20:00+05:30,523.4,523.45,522.5,522.85,698
2025-10-08 10:25:00+05:30,523.0,525.05,522.9,524.0,1385
2025-10-08 10:30:00+05:30,524.0,525.35,523.45,524.2,1325
2025-10-08 10:35:00+05:30,524.2,524.35,523.55,523.7,1169
2025-10-08 10:40:00+05:30,523.7,524.1,523.05,523.6,445
2025-10-08 10:45:00+05:30,524.4,525.1,524.4,525.1,1684
2025-10-08 10:50:00+05:30,525.1,525.8,524.8,525.8,1396
2025-10-08 10:55:00+05:30,525.8,525.8,525.25,525.7,445
2025-10-08 11:00:00+05:30,525.7,525.8,525.0,525.0,1553
2025-10-08 11:05:00+05:30,525.0,528.0,525.0,527.6,12705
2025-10-08 11:10:00+05:30,527.6,527.9,527.2,527.9,606
2025-10-08 11:15:00+05:30,527.9,527.9,525.55,525.85,913
2025-10-08 11:20:00+05:30,525.85,527.0,525.85,527.0,1540
2025-10-08 11:25:00+05:30,527.0,527.0,525.85,527.0,1324
2025-10-08 11:30:00+05:30,527.0,527.0,526.2,526.85,743
2025-10-08 11:35:00+05:30,526.45,526.95,526.3,526.85,89
2025-10-08 11:40:00+05:30,526.85,526.85,526.35,526.65,66
2025-10-08 11:45:00+05:30,526.65,526.95,525.75,526.25,750
2025-10-08 11:50:00+05:30,526.25,526.6,526.05,526.25,183
2025-10-08 11:55:00+05:30,526.25,526.95,526.25,526.5,189
2025-10-08 12:00:00+05:30,526.85,526.85,526.2,526.6,198
2025-10-08 12:05:00+05:30,526.6,526.95,526.5,526.95,288
2025-10-08 12:10:00+05:30,526.6,527.0,526.6,527.0,3259
2025-10-08 12:15:00+05:30,527.0,527.0,526.25,526.8,337
2025-10-08 12:20:00+05:30,526.8,527.0,526.2,526.45,272
2025-10-08 12:25:00+05:30,526.25,527.0,526.25,526.6,961
2025-10-08 12:30:00+05:30,526.6,526.95,525.8,526.85,732
2025-10-08 12:35:00+05:30,526.85,526.85,526.1,526.2,169
2025-10-08 12:40:00+05:30,526.05,527.0,526.05,526.25,426
2025-10-08 12:45:00+05:30,526.25,526.95,526.15,526.75,2063
2025-10-08 12:50:00+05:30,526.75,526.85,525.95,526.65,550
2025-10-08 12:55:00+05:30,526.65,527.0,526.1,527.0,1611
2025-10-08 13:00:00+05:30,527.0,527.0,526.4,526.85,1170
2025-10-08 13:05:00+05:30,526.85,527.0,526.25,526.8,343
2025-10-08 13:10:00+05:30,526.8,527.25,526.5,526.75,659
2025-10-08 13:15:00+05:30,526.75,526.75,526.3,526.65,50
2025-10-08 13:20:00+05:30,526.65,526.75,526.35,526.45,45
2025-10-08 13:25:00+05:30,526.45,526.9,526.25,526.8,474
2025-10-08 13:30:00+05:30,526.8,527.0,526.7,527.0,110
2025-10-08 13:35:00+05:30,527.0,527.0,526.7,527.0,1331
2025-10-08 13:40:00+05:30,527.0,527.0,526.25,526.7,222
2025-10-08 13:45:00+05:30,526.65,527.0,526.25,526.8,1588
2025-10-08 13:50:00+05:30,526.8,527.0,525.95,525.95,630
2025-10-08 13:55:00+05:30,525.95,527.0,525.75,527.0,99
2025-10-08 14:00:00+05:30,527.0,527.0,526.2,526.2,783
2025-10-08 14:05:00+05:30,526.35,526.35,525.6,525.75,295
2025-10-08 14:10:00+05:30,525.75,526.3,525.35,525.35,424
2025-10-08 14:15:00+05:30,525.35,525.95,525.2,525.55,315
2025-10-08 14:20:00+05:30,525.55,525.9,525.0,525.8,1191
2025-10-08 14:25:00+05:30,525.8,526.65,525.0,525.9,1476
2025-10-08 14:30:00+05:30,525.9,525.9,525.45,525.8,134
2025-10-08 14:35:00+05:30,525.8,525.8,525.05,525.1,387
2025-10-08 14:40:00+05:30,525.4,525.75,525.0,525.0,2340
2025-10-08 14:45:00+05:30,525.0,525.35,525.0,525.0,81
2025-10-08 14:50:00+05:30,525.0,525.0,523.5,524.15,1936
2025-10-08 14:55:00+05:30,524.15,524.3,523.75,524.3,2462
2025-10-08 15:00:00+05:30,524.55,524.7,524.0,524.1,2935
2025-10-08 15:05:00+05:30,524.15,524.5,524.0,524.0,1496
2025-10-08 15:10:00+05:30,524.0,524.9,523.8,524.0,1479
2025-10-08 15:15:00+05:30,524.25,526.0,524.0,524.15,21518
2025-10-08 15:20:00+05:30,524.35,525.55,524.2,525.0,5969
2025-10-08 15:25:00+05:30,525.0,528.7,525.0,525.95,6842
2025-10-09 09:15:00+05:30,527.05,527.8,522.0,523.9,6431
2025-10-09 09:20:00+05:30,525.0,526.1,524.4,525.2,2715
2025-10-09 09:25:00+05:30,525.45,526.3,524.5,524.85,1930
2025-10-09 09:30:00+05:30,525.0,525.35,522.15,522.8,3162
2025-10-09 09:35:00+05:30,522.65,523.0,520.95,522.35,3422
2025-10-09 09:40:00+05:30,522.35,523.35,519.3,519.75,6475
2025-10-09 09:45:00+05:30,519.75,520.95,517.65,520.4,7890
2025-10-09 09:50:00+05:30,520.4,522.55,520.4,522.4,991
2025-10-09 09:55:00+05:30,522.4,522.4,520.95,521.25,1581
2025-10-09 10:00:00+05:30,521.55,521.55,519.45,520.0,4546
2025-10-09 10:05:00+05:30,520.0,520.0,517.45,517.45,1601
2025-10-09 10:10:00+05:30,517.45,518.45,517.05,518.15,1244
2025-10-09 10:15:00+05:30,518.55,518.55,516.8,518.4,1601
2025-10-09 10:20:00+05:30,518.5,519.45,518.1,518.7,943
2025-10-09 10:25:00+05:30,518.7,519.05,518.1,518.25,232
2025-10-09 10:30:00+05:30,518.85,519.15,517.0,518.7,4708
2025-10-09 10:35:00+05:30,518.7,519.6,518.1,518.1,901
2025-10-09 10:40:00+05:30,518.1,518.45,517.85,518.0,288
2025-10-09 10:45:00+05:30,518.0,518.3,516.5,516.5,2386
2025-10-09 10:50:00+05:30,516.5,516.65,515.7,516.25,2912
2025-10-09 10:55:00+05:30,516.25,516.25,514.2,515.45,7912
2025-10-09 11:00:00+05:30,515.45,515.85,515.0,515.1,2119
2025-10-09 11:05:00+05:30,515.1,515.8,515.0,515.75,1777
2025-10-09 11:10:00+05:30,515.75,516.55,515.75,515.8,1279
2025-10-09 11:15:00+05:30,515.8,516.25,515.5,515.5,1295
2025-10-09 11:20:00+05:30,515.5,515.9,515.1,515.3,259
2025-10-09 11:25:00+05:30,515.3,515.75,515.25,515.65,327
2025-10-09 11:30:00+05:30,515.8,517.85,515.8,517.35,12786
2025-10-09 11:35:00+05:30,517.35,517.95,517.0,517.1,567
2025-10-09 11:40:00+05:30,517.1,517.35,516.6,517.0,232
2025-10-09 11:45:00+05:30,517.0,517.85,517.0,517.85,592
2025-10-09 11:50:00+05:30,517.85,518.0,517.1,517.15,332
2025-10-09 11:55:00+05:30,517.15,517.6,517.0,517.5,460
2025-10-09 12:00:00+05:30,517.5,517.5,517.05,517.05,159
2025-10-09 12:05:00+05:30,517.05,517.5,517.05,517.5,49
2025-10-09 12:10:00+05:30,517.5,517.5,517.1,517.5,39
2025-10-09 12:15:00+05:30,517.5,518.6,517.5,517.85,916
2025-10-09 12:20:00+05:30,517.9,518.4,517.5,517.5,234
2025-10-09 12:25:00+05:30,517.55,518.05,517.5,517.6,124
2025-10-09 12:30:00+05:30,517.95,518.05,515.55,516.0,4155
2025-10-09 12:35:00+05:30,516.0,516.75,516.0,516.75,235
2025-10-09 12:40:00+05:30,516.75,516.85,516.3,516.85,146
2025-10-09 12:45:00+05:30,516.85,516.85,516.4,516.6,737
2025-10-09 12:50:00+05:30,516.6,517.6,516.6,517.1,2265
2025-10-09 12:55:00+05:30,517.1,517.6,516.6,517.35,241
2025-10-09 13:00:00+05:30,517.35,517.85,517.2,517.85,574
2025-10-09 13:05:00+05:30,517.85,518.1,517.35,517.85,164
2025-10-09 13:10:00+05:30,517.3,517.8,516.65,517.2,116
2025-10-09 13:15:00+05:30,517.3,517.5,516.3,517.5,792
2025-10-09 13:20:00+05:30,517.5,517.5,517.0,517.5,289
2025-10-09 13:25:00+05:30,517.5,517.5,516.8,516.8,593
2025-10-09 13:30:00+05:30,516.8,517.2,516.2,516.45,1432
2025-10-09 13:35:00+05:30,516.45,517.55,516.3,517.55,572
2025-10-09 13:40:00+05:30,517.55,517.8,516.15,516.65,984
2025-10-09 13:45:00+05:30,516.65,517.4,516.15,516.15,246
2025-10-09 13:50:00+05:30,516.15,518.55,516.15,518.5,3146
2025-10-09 13:55:00+05:30,518.5,518.95,518.4,518.95,1422
2025-10-09 14:00:00+05:30,518.95,519.0,518.4,518.4,255
2025-10-09 14:05:00+05:30,518.4,518.95,518.25,518.25,219
2025-10-09 14:10:00+05:30,518.65,518.7,518.35,518.35,99
2025-10-09 14:15:00+05:30,518.35,518.6,518.2,518.3,902
2025-10-09 14:20:00+05:30,518.3,518.9,518.2,518.5,878
2025-10-09 14:25:00+05:30,518.5,518.9,518.05,518.1,139
2025-10-09 14:30:00+05:30,518.1,518.65,518.0,518.4,432
2025-10-09 14:35:00+05:30,518.0,518.75,518.0,518.25,2770
2025-10-09 14:40:00+05:30,518.7,519.0,518.25,518.7,294
2025-10-09 14:45:00+05:30,518.5,518.8,518.0,518.0,1341
2025-10-09 14:50:00+05:30,518.35,518.45,518.0,518.0,417
2025-10-09 14:55:00+05:30,518.0,518.3,518.0,518.0,1814
2025-10-09 15:00:00+05:30,518.0,518.15,518.0,518.0,1213
2025-10-09 15:05:00+05:30,518.2,518.2,518.0,518.15,1833
2025-10-09 15:10:00+05:30,518.0,518.25,518.0,518.0,7195
2025-10-09 15:15:00+05:30,518.0,519.05,518.0,519.05,6864
2025-10-09 15:20:00+05:30,518.95,519.0,518.0,518.1,5445
2025-10-09 15:25:00+05:30,518.1,519.05,518.0,518.6,2783
2025-10-10 09:15:00+05:30,518.25,519.95,514.0,518.1,4541
2025-10-10 09:20:00+05:30,518.1,518.7,515.85,518.05,5163
2025-10-10 09:25:00+05:30,516.95,517.65,515.5,516.65,3624
2025-10-10 09:30:00+05:30,516.95,518.35,515.45,517.55,2863
2025-10-10 09:35:00+05:30,517.85,521.55,516.05,520.3,7727
2025-10-10 09:40:00+05:30,520.3,523.55,520.3,523.55,4244
2025-10-10 09:45:00+05:30,523.55,523.55,521.1,521.1,1888
2025-10-10 09:50:00+05:30,521.1,521.5,520.8,521.3,664
2025-10-10 09:55:00+05:30,521.0,521.1,520.35,521.0,1151
2025-10-10 10:00:00+05:30,521.0,521.15,520.15,520.7,295
2025-10-10 10:05:00+05:30,520.7,520.7,520.05,520.3,886
2025-10-10 10:10:00+05:30,520.3,520.8,520.0,520.3,2438
2025-10-10 10:15:00+05:30,520.3,522.25,520.0,522.25,7750
2025-10-10 10:20:00+05:30,522.25,522.25,520.7,520.7,795
2025-10-10 10:25:00+05:30,520.7,520.9,520.45,520.8,468
2025-10-10 10:30:00+05:30,521.0,521.6,520.25,520.65,1274
2025-10-10 10:35:00+05:30,520.65,520.9,520.25,520.25,280
2025-10-10 10:40:00+05:30,520.25,520.6,520.1,520.1,420
2025-10-10 10:45:00+05:30,520.1,521.7,520.05,521.7,2365
2025-10-10 10:50:00+05:30,520.65,520.75,520.0,520.35,327
2025-10-10 10:55:00+05:30,520.35,520.6,520.1,520.3,405
2025-10-10 11:00:00+05:30,520.6,521.0,520.3,520.45,204
2025-10-10 11:05:00+05:30,520.45,521.15,520.0,520.1,9935
2025-10-10 11:10:00+05:30,520.1,523.1,520.1,523.05,1115
2025-10-10 11:15:00+05:30,523.05,523.05,522.25,522.25,167
2025-10-10 11:20:00+05:30,522.25,522.7,521.25,521.55,555
2025-10-10 11:25:00+05:30,521.55,521.75,520.7,520.95,1145
2025-10-10 11:30:00+05:30,520.95,520.95,520.25,520.55,210
2025-10-10 11:35:00+05:30,520.55,521.1,520.55,521.1,184
2025-10-10 11:40:00+05:30,521.1,521.35,520.6,521.2,744
2025-10-10 11:45:00+05:30,521.2,521.45,521.0,521.45,435
2025-10-10 11:50:00+05:30,521.45,521.45,521.3,521.4,152
2025-10-10 11:55:00+05:30,521.4,522.0,521.15,521.25,1718
2025-10-10 12:00:00+05:30,521.4,521.5,520.9,521.1,567
2025-10-10 12:05:00+05:30,521.1,521.1,520.55,520.8,149
2025-10-10 12:10:00+05:30,520.8,520.8,520.45,520.45,172
2025-10-10 12:15:00+05:30,520.45,520.8,520.35,520.35,83
2025-10-10 12:20:00+05:30,520.35,520.65,520.1,520.65,206
2025-10-10 12:25:00+05:30,520.65,520.65,520.35,520.6,29
2025-10-10 12:30:00+05:30,520.6,520.95,520.35,520.9,201
2025-10-10 12:35:00+05:30,520.9,521.0,520.35,520.55,594
2025-10-10 12:40:00+05:30,521.0,521.25,520.65,520.65,385
2025-10-10 12:45:00+05:30,520.65,520.9,520.3,520.65,332
2025-10-10 12:50:00+05:30,520.65,520.65,520.0,520.35,531
2025-10-10 12:55:00+05:30,520.45,521.0,520.45,520.6,295
2025-10-10 13:00:00+05:30,520.6,521.55,520.6,521.55,686
2025-10-10 13:05:00+05:30,521.55,521.6,521.05,521.55,102
2025-10-10 13:10:00+05:30,521.55,521.55,521.15,521.55,62
2025-10-10 13:15:00+05:30,521.55,522.75,521.55,522.05,2560
2025-10-10 13:20:00+05:30,522.05,522.2,521.4,522.2,143
2025-10-10 13:25:00+05:30,522.2,522.3,521.2,521.5,358
2025-10-10 13:30:00+05:30,521.5,521.9,521.25,521.4,411
2025-10-10 13:35:00+05:30,521.4,521.9,521.25,521.45,423
2025-10-10 13:40:00+05:30,521.45,522.0,521.3,521.6,168
2025-10-10 13:45:00+05:30,521.6,521.9,521.5,521.5,155
2025-10-10 13:50:00+05:30,521.5,521.7,521.0,521.0,333
2025-10-10 13:55:00+05:30,521.0,521.0,520.4,520.5,176
2025-10-10 14:00:00+05:30,520.5,521.45,520.5,520.8,569
2025-10-10 14:05:00+05:30,520.8,520.95,520.15,520.95,205
2025-10-10 14:10:00+05:30,520.95,521.45,520.35,521.0,475
2025-10-10 14:15:00+05:30,521.0,522.2,520.35,521.5,1664
2025-10-10 14:20:00+05:30,521.5,521.5,520.7,521.2,871
2025-10-10 14:25:00+05:30,521.2,521.5,520.5,521.45,405
2025-10-10 14:30:00+05:30,521.0,521.45,520.75,521.25,494
2025-10-10 14:35:00+05:30,521.0,522.0,520.8,521.25,2935
2025-10-10 14:40:00+05:30,521.25,521.55,521.0,521.0,221
2025-10-10 14:45:00+05:30,521.0,521.5,521.0,521.0,276
2025-10-10 14:50:00+05:30,521.0,521.25,520.65,520.9,635
2025-10-10 14:55:00+05:30,520.9,521.45,520.55,521.1,1205
2025-10-10 15:00:00+05:30,521.1,521.7,520.75,521.5,1113
2025-10-10 15:05:00+05:30,521.9,522.7,521.15,521.5,6863
2025-10-10 15:10:00+05:30,521.5,522.15,521.25,521.7,2038
2025-10-10 15:15:00+05:30,522.0,524.75,521.6,523.4,10080
2025-10-10 15:20:00+05:30,523.4,524.65,522.55,523.1,4411
2025-10-10 15:25:00+05:30,522.55,524.05,520.25,520.25,3174
2025-10-13 09:15:00+05:30,522.75,522.75,516.6,518.15,4997
2025-10-13 09:20:00+05:30,518.35,519.35,517.4,517.95,3027
2025-10-13 09:25:00+05:30,518.25,518.3,516.6,517.8,2733
2025-10-13 09:30:00+05:30,517.8,517.8,516.0,517.3,3016
2025-10-13 09:35:00+05:30,517.3,519.4,516.9,518.95,3192
2025-10-13 09:40:00+05:30,518.05,518.25,516.85,517.5,1790
2025-10-13 09:45:00+05:30,517.0,519.3,517.0,519.3,2343
2025-10-13 09:50:00+05:30,518.75,521.65,517.05,519.85,3870
2025-10-13 09:55:00+05:30,519.35,519.8,518.7,519.0,448
2025-10-13 10:00:00+05:30,518.7,519.45,518.1,519.3,2513
2025-10-13 10:05:00+05:30,519.3,519.9,519.0,519.0,723
2025-10-13 10:10:00+05:30,519.4,520.65,518.85,520.5,1526
2025-10-13 10:15:00+05:30,520.55,520.55,519.25,520.05,758
2025-10-13 10:20:00+05:30,519.6,519.95,519.05,519.2,209
2025-10-13 10:25:00+05:30,519.2,519.6,518.35,518.5,1097
2025-10-13 10:30:00+05:30,518.5,519.0,518.25,518.8,1381
2025-10-13 10:35:00+05:30,518.35,518.8,518.1,518.5,733
2025-10-13 10:40:00+05:30,518.5,518.5,518.1,518.1,685
2025-10-13 10:45:00+05:30,518.1,518.5,518.1,518.5,102
2025-10-13 10:50:00+05:30,518.5,518.5,518.1,518.1,15377
2025-10-13 10:55:00+05:30,518.1,518.25,518.1,518.25,1486
2025-10-13 11:00:00+05:30,518.2,518.25,516.4,516.4,4064
2025-10-13 11:05:00+05:30,516.4,516.8,516.0,516.1,428
2025-10-13 11:10:00+05:30,516.45,516.9,516.1,516.1,538
2025-10-13 11:15:00+05:30,516.1,516.45,515.85,516.25,707
2025-10-13 11:20:00+05:30,516.25,516.75,515.85,515.85,319
2025-10-13 11:25:00+05:30,515.85,516.05,514.2,514.4,1634
2025-10-13 11:30:00+05:30,514.8,514.9,514.0,514.0,435
2025-10-13 11:35:00+05:30,514.1,514.7,513.75,514.6,508
2025-10-13 11:40:00+05:30,514.15,514.6,514.15,514.6,84
2025-10-13 11:45:00+05:30,514.6,515.0,514.2,514.9,354
2025-10-13 11:50:00+05:30,514.6,514.9,514.0,514.5,679
2025-10-13 11:55:00+05:30,514.5,515.0,514.5,515.0,101
2025-10-13 12:00:00+05:30,514.95,515.25,514.0,514.35,222
2025-10-13 12:05:00+05:30,514.35,514.35,513.5,513.5,412
2025-10-13 12:10:00+05:30,513.5,514.65,513.5,514.2,376
2025-10-13 12:15:00+05:30,514.7,514.8,514.1,514.35,330
2025-10-13 12:20:00+05:30,514.7,518.15,514.7,516.5,5706
2025-10-13 12:25:00+05:30,516.5,517.45,516.5,517.45,95
2025-10-13 12:30:00+05:30,517.45,517.95,517.05,517.4,124
2025-10-13 12:35:00+05:30,517.4,519.55,517.0,517.8,2138
2025-10-13 12:40:00+05:30,517.8,517.8,517.1,517.65,236
2025-10-13 12:45:00+05:30,517.65,517.65,516.9,517.35,128
2025-10-13 12:50:00+05:30,517.35,518.7,516.8,518.7,910
2025-10-13 12:55:00+05:30,518.7,523.75,518.15,523.5,7943
2025-10-13 13:00:00+05:30,524.0,526.35,523.0,523.8,4754
2025-10-13 13:05:00+05:30,523.8,524.4,522.5,523.2,570
2025-10-13 13:10:00+05:30,523.2,524.6,522.65,524.6,1419
2025-10-13 13:15:00+05:30,524.6,524.6,522.7,523.5,2810
2025-10-13 13:20:00+05:30,523.5,523.5,522.9,523.45,208
2025-10-13 13:25:00+05:30,523.45,523.85,521.7,522.5,4232
2025-10-13 13:30:00+05:30,522.5,523.45,522.2,523.45,837
2025-10-13 13:35:00+05:30,523.45,523.85,521.25,523.15,6187
2025-10-13 13:40:00+05:30,523.15,523.65,523.15,523.65,208
2025-10-13 13:45:00+05:30,523.65,523.7,521.85,522.9,1726
2025-10-13 13:50:00+05:30,522.95,523.55,522.55,523.35,765
2025-10-13 13:55:00+05:30,523.35,523.9,522.45,523.5,1427
2025-10-13 14:00:00+05:30,523.8,523.85,520.85,523.0,4987
2025-10-13 14:05:00+05:30,523.0,524.25,522.3,523.75,1602
2025-10-13 14:10:00+05:30,523.75,523.75,522.85,523.2,942
2025-10-13 14:15:00+05:30,523.55,523.6,522.25,523.5,1229
2025-10-13 14:20:00+05:30,523.1,523.4,522.55,523.4,314
2025-10-13 14:25:00+05:30,523.4,523.5,523.0,523.45,1875
2025-10-13 14:30:00+05:30,523.2,523.95,523.05,523.05,468
2025-10-13 14:35:00+05:30,523.05,523.3,521.95,522.55,643
2025-10-13 14:40:00+05:30,522.55,522.8,521.7,522.4,712
2025-10-13 14:45:00+05:30,522.4,523.35,521.5,522.3,6183
2025-10-13 14:50:00+05:30,522.5,522.75,520.45,520.65,2275
2025-10-13 14:55:00+05:30,521.05,521.05,518.4,519.35,2206
2025-10-13 15:00:00+05:30,519.35,522.25,518.55,521.2,3470
2025-10-13 15:05:00+05:30,521.5,521.5,520.55,521.0,1454
2025-10-13 15:10:00+05:30,521.0,521.0,520.1,520.15,794
2025-10-13 15:15:00+05:30,520.45,521.1,520.2,520.55,1806
2025-10-13 15:20:00+05:30,521.25,521.45,520.6,520.6,2192
2025-10-13 15:25:00+05:30,520.65,522.05,520.55,522.05,5108
2025-10-14 09:15:00+05:30,521.0,522.95,518.3,518.5,4705
2025-10-14 09:20:00+05:30,518.5,519.9,518.0,519.0,1651
2025-10-14 09:25:00+05:30,519.0,519.4,518.15,519.4,1876
2025-10-14 09:30:00+05:30,519.4,519.45,518.05,518.2,1094
2025-10-14 09:35:00+05:30,518.15,518.65,517.25,517.25,3857
2025-10-14 09:40:00+05:30,516.8,517.05,515.0,516.0,5472
2025-10-14 09:45:00+05:30,515.9,516.05,515.25,515.25,2876
2025-10-14 09:50:00+05:30,515.25,516.8,515.2,515.6,2428
2025-10-14 09:55:00+05:30,515.35,515.6,513.85,514.65,1358
2025-10-14 10:00:00+05:30,514.65,515.3,514.55,514.55,409
2025-10-14 10:05:00+05:30,514.9,514.9,514.05,514.25,1611
2025-10-14 10:10:00+05:30,514.3,515.55,514.05,514.5,1615
2025-10-14 10:15:00+05:30,514.5,517.0,513.85,517.0,1564
2025-10-14 10:20:00+05:30,517.0,517.65,516.45,516.55,1065
2025-10-14 10:25:00+05:30,517.0,517.0,516.0,516.1,581
2025-10-14 10:30:00+05:30,516.4,517.7,515.75,517.0,2159
2025-10-14 10:35:00+05:30,517.6,518.0,517.1,518.0,681
2025-10-14 10:40:00+05:30,518.0,518.0,515.8,515.8,1019
2025-10-14 10:45:00+05:30,515.8,517.0,515.8,517.0,2248
2025-10-14 10:50:00+05:30,517.0,517.0,515.95,516.55,579
2025-10-14 10:55:00+05:30,516.55,519.05,515.95,517.85,2821
2025-10-14 11:00:00+05:30,518.0,519.3,517.85,519.25,2621
2025-10-14 11:05:00+05:30,519.55,520.95,518.9,520.95,1406
2025-10-14 11:10:00+05:30,520.95,521.1,520.35,520.95,565
2025-10-14 11:15:00+05:30,520.95,520.95,518.45,518.95,3827
2025-10-14 11:20:00+05:30,518.95,520.25,518.95,520.0,1871
2025-10-14 11:25:00+05:30,520.0,520.0,519.05,519.5,2036
2025-10-14 11:30:00+05:30,518.4,518.85,517.4,518.0,2094
2025-10-14 11:35:00+05:30,518.0,518.25,516.15,516.5,2491
2025-10-14 11:40:00+05:30,516.5,517.2,516.3,516.8,557
2025-10-14 11:45:00+05:30,516.8,517.7,516.2,516.5,1073
2025-10-14 11:50:00+05:30,516.5,516.95,515.5,515.5,2188
2025-10-14 11:55:00+05:30,515.5,516.95,515.1,516.5,1121
2025-10-14 12:00:00+05:30,516.5,516.95,516.05,516.2,650
2025-10-14 12:05:00+05:30,516.1,516.7,515.45,515.45,643
2025-10-14 12:10:00+05:30,516.15,516.2,515.1,515.75,1323
2025-10-14 12:15:00+05:30,515.75,516.1,514.7,515.4,2577
2025-10-14 12:20:00+05:30,515.4,516.2,515.35,515.9,541
2025-10-14 12:25:00+05:30,515.75,516.25,515.05,515.75,775
2025-10-14 12:30:00+05:30,515.8,516.2,515.1,515.9,1206
2025-10-14 12:35:00+05:30,515.9,516.7,515.65,515.8,342
2025-10-14 12:40:00+05:30,515.8,516.35,515.2,516.35,987
2025-10-14 12:45:00+05:30,516.35,516.7,515.55,515.7,399
2025-10-14 12:50:00+05:30,515.7,516.65,515.55,516.1,671
2025-10-14 12:55:00+05:30,516.1,516.8,515.6,516.4,1617
2025-10-14 13:00:00+05:30,516.4,516.95,516.1,516.9,1296
2025-10-14 13:05:00+05:30,516.9,517.0,515.1,515.5,1980
2025-10-14 13:10:00+05:30,515.5,516.25,515.15,516.25,372
2025-10-14 13:15:00+05:30,516.25,516.6,515.65,515.95,623
2025-10-14 13:20:00+05:30,515.65,516.7,515.45,516.0,894
2025-10-14 13:25:00+05:30,516.4,516.75,515.5,516.55,675
2025-10-14 13:30:00+05:30,516.55,516.85,516.1,516.8,312
2025-10-14 13:35:00+05:30,516.8,516.8,515.6,516.0,622
2025-10-14 13:40:00+05:30,516.0,516.95,515.5,515.5,491
2025-10-14 13:45:00+05:30,515.5,516.0,515.5,515.75,1400
2025-10-14 13:50:00+05:30,515.75,516.75,515.65,515.9,535
2025-10-14 13:55:00+05:30,515.55,516.55,515.55,516.45,932
2025-10-14 14:00:00+05:30,516.45,516.8,515.8,516.35,523
2025-10-14 14:05:00+05:30,516.5,516.85,516.15,516.45,454
2025-10-14 14:10:00+05:30,516.45,516.75,515.5,515.55,495
2025-10-14 14:15:00+05:30,515.5,516.95,515.5,516.7,4713
2025-10-14 14:20:00+05:30,516.7,518.3,516.45,518.3,1382
2025-10-14 14:25:00+05:30,518.25,518.3,517.25,517.75,1231
2025-10-14 14:30:00+05:30,517.75,518.65,517.0,517.65,3178
2025-10-14 14:35:00+05:30,518.25,518.8,516.95,517.85,1059
2025-10-14 14:40:00+05:30,517.9,518.25,517.2,517.6,468
2025-10-14 14:45:00+05:30,517.6,517.95,516.5,516.5,898
2025-10-14 14:50:00+05:30,516.5,517.7,516.5,517.65,2046
2025-10-14 14:55:00+05:30,517.4,518.0,517.05,518.0,902
2025-10-14 15:00:00+05:30,517.7,517.7,515.25,516.5,3752
2025-10-14 15:05:00+05:30,516.5,516.7,515.5,516.15,3244
2025-10-14 15:10:00+05:30,517.25,517.25,515.05,515.75,4723
2025-10-14 15:15:00+05:30,515.75,515.9,515.0,515.4,4781
2025-10-14 15:20:00+05:30,515.2,515.4,515.0,515.25,2602
2025-10-14 15:25:00+05:30,515.25,515.3,514.0,514.15,3734
2025-10-15 09:15:00+05:30,515.75,518.45,511.8,513.0,15718
2025-10-15 09:20:00+05:30,513.0,514.05,512.55,513.15,4113
2025-10-15 09:25:00+05:30,513.35,514.0,512.05,512.05,1732
2025-10-15 09:30:00+05:30,512.05,513.95,512.05,513.05,2818
2025-10-15 09:35:00+05:30,513.05,513.65,512.1,512.75,2252
2025-10-15 09:40:00+05:30,512.75,513.25,512.3,512.95,452
2025-10-15 09:45:00+05:30,512.95,513.05,512.1,512.95,346
2025-10-15 09:50:00+05:30,512.95,513.3,512.55,513.15,398
2025-10-15 09:55:00+05:30,511.7,512.5,511.05,511.8,4221
2025-10-15 10:00:00+05:30,512.1,512.6,511.45,512.15,1456
2025-10-15 10:05:00+05:30,511.75,511.9,511.2,511.3,314
2025-10-15 10:10:00+05:30,511.3,511.6,510.75,511.45,1314
2025-10-15 10:15:00+05:30,511.45,512.35,511.2,511.2,767
2025-10-15 10:20:00+05:30,511.2,511.7,510.75,511.25,640
2025-10-15 10:25:00+05:30,511.25,511.75,511.15,511.55,226
2025-10-15 10:30:00+05:30,511.55,511.6,510.85,511.35,221
2025-10-15 10:35:00+05:30,511.35,511.7,510.8,511.7,594
2025-10-15 10:40:00+05:30,511.7,511.7,511.0,511.0,263
2025-10-15 10:45:00+05:30,511.0,511.5,510.7,511.1,602
2025-10-15 10:50:00+05:30,511.1,512.85,510.5,511.7,1594
2025-10-15 10:55:00+05:30,511.7,512.25,511.4,512.05,303
2025-10-15 11:00:00+05:30,512.05,513.1,511.5,512.5,2845
2025-10-15 11:05:00+05:30,512.5,512.7,512.0,512.25,929
2025-10-15 11:10:00+05:30,512.25,512.7,511.55,511.6,511
2025-10-15 11:15:00+05:30,511.6,511.9,511.5,511.5,188
2025-10-15 11:20:00+05:30,511.5,511.75,511.15,511.2,340
2025-10-15 11:25:00+05:30,511.2,511.7,511.2,511.6,545
2025-10-15 11:30:00+05:30,511.6,513.0,511.2,513.0,836
2025-10-15 11:35:00+05:30,513.0,514.9,513.0,514.2,2546
2025-10-15 11:40:00+05:30,514.2,515.0,513.65,515.0,2168
2025-10-15 11:45:00+05:30,515.0,515.7,514.85,515.05,1111
2025-10-15 11:50:00+05:30,514.85,515.1,514.3,515.1,230
2025-10-15 11:55:00+05:30,515.1,515.15,514.4,514.4,678
2025-10-15 12:00:00+05:30,514.4,514.75,513.35,514.2,1467
2025-10-15 12:05:00+05:30,514.2,514.5,513.3,513.9,429
2025-10-15 12:10:00+05:30,514.5,515.4,514.5,514.9,390
2025-10-15 12:15:00+05:30,514.9,515.25,514.3,515.15,190
2025-10-15 12:20:00+05:30,515.15,515.2,514.6,515.15,273
2025-10-15 12:25:00+05:30,515.15,515.15,514.1,514.65,617
2025-10-15 12:30:00+05:30,514.65,515.1,514.65,514.7,36
2025-10-15 12:35:00+05:30,514.7,515.0,514.15,514.55,409
2025-10-15 12:40:00+05:30,514.55,514.75,514.1,514.1,396
2025-10-15 12:45:00+05:30,514.1,514.5,513.85,514.1,437
2025-10-15 12:50:00+05:30,514.4,518.0,514.1,517.85,9592
2025-10-15 12:55:00+05:30,517.85,518.75,515.85,515.85,5655
2025-10-15 13:00:00+05:30,515.85,516.0,515.5,515.55,171
2025-10-15 13:05:00+05:30,515.55,515.8,514.0,514.2,1203
2025-10-15 13:10:00+05:30,514.45,515.3,514.25,514.45,361
2025-10-15 13:15:00+05:30,514.45,514.65,513.7,514.15,4564
2025-10-15 13:20:00+05:30,514.15,516.0,514.15,515.85,924
2025-10-15 13:25:00+05:30,515.85,517.6,515.5,517.0,968
2025-10-15 13:30:00+05:30,517.2,517.95,517.0,517.35,381
2025-10-15 13:35:00+05:30,517.35,517.4,516.0,517.0,2230
2025-10-15 13:40:00+05:30,517.0,517.7,517.0,517.15,869
2025-10-15 13:45:00+05:30,517.15,518.05,517.05,518.0,694
2025-10-15 13:50:00+05:30,518.0,518.0,517.0,517.5,1931
2025-10-15 13:55:00+05:30,517.5,517.95,517.5,517.9,428
2025-10-15 14:00:00+05:30,517.9,517.9,517.5,517.5,447
2025-10-15 14:05:00+05:30,517.5,517.9,517.5,517.5,631
2025-10-15 14:10:00+05:30,517.5,519.85,516.5,519.4,4705
2025-10-15 14:15:00+05:30,519.75,520.55,519.2,520.5,2324
2025-10-15 14:20:00+05:30,520.5,520.65,518.3,519.45,1604
2025-10-15 14:25:00+05:30,519.1,519.9,518.6,519.5,3351
2025-10-15 14:30:00+05:30,518.95,519.4,518.4,519.25,1863
2025-10-15 14:35:00+05:30,519.15,519.9,518.6,518.8,2108
2025-10-15 14:40:00+05:30,519.6,520.0,519.25,519.25,3777
2025-10-15 14:45:00+05:30,519.5,520.0,519.35,519.9,1926
2025-10-15 14:50:00+05:30,519.9,520.0,519.45,519.55,2437
2025-10-15 14:55:00+05:30,520.0,520.0,519.3,519.65,2647
2025-10-15 15:00:00+05:30,519.65,520.25,519.35,520.0,4700
2025-10-15 15:05:00+05:30,520.0,520.4,520.0,520.2,751
2025-10-15 15:10:00+05:30,520.25,521.0,519.9,520.35,4359
2025-10-15 15:15:00+05:30,520.6,520.75,520.0,520.15,1176
2025-10-15 15:20:00+05:30,520.05,520.15,520.0,520.0,2948
2025-10-15 15:25:00+05:30,520.0,520.9,520.0,520.9,5717
