timestamp,open,high,low,close,volume
2025-09-18 09:15:00+05:30,342.5,344.5,342.0,342.0,660
2025-09-18 09:20:00+05:30,342.0,342.15,341.5,342.15,162
2025-09-18 09:25:00+05:30,342.15,342.55,339.5,340.1,1914
2025-09-18 09:30:00+05:30,340.6,340.9,340.25,340.8,684
2025-09-18 09:35:00+05:30,340.8,342.0,340.8,341.75,752
2025-09-18 09:40:00+05:30,341.75,341.85,341.75,341.85,80
2025-09-18 09:45:00+05:30,341.85,341.85,341.05,341.5,1252
2025-09-18 09:50:00+05:30,342.05,343.0,341.85,342.3,5568
2025-09-18 09:55:00+05:30,341.5,342.0,341.5,342.0,734
2025-09-18 10:00:00+05:30,342.0,342.7,341.9,342.7,380
2025-09-18 10:05:00+05:30,342.7,343.25,342.65,343.25,150
2025-09-18 10:10:00+05:30,343.25,343.35,342.5,342.8,396
2025-09-18 10:15:00+05:30,342.8,342.8,342.1,342.1,1706
2025-09-18 10:20:00+05:30,342.1,342.5,342.1,342.1,448
2025-09-18 10:25:00+05:30,342.1,342.1,341.5,342.05,342
2025-09-18 10:30:00+05:30,342.05,342.05,342.0,342.0,62
2025-09-18 10:35:00+05:30,342.0,342.0,342.0,342.0,30
2025-09-18 10:40:00+05:30,342.0,342.0,342.0,342.0,0
2025-09-18 10:45:00+05:30,342.0,342.0,342.0,342.0,6
2025-09-18 10:50:00+05:30,342.0,342.0,341.5,341.5,1134
2025-09-18 10:55:00+05:30,341.5,341.5,340.0,341.2,692
2025-09-18 11:00:00+05:30,341.2,341.2,340.8,341.2,2114
2025-09-18 11:05:00+05:30,341.2,341.5,341.2,341.5,6
2025-09-18 11:10:00+05:30,341.5,341.9,341.4,341.4,70
2025-09-18 11:15:00+05:30,341.4,341.95,341.4,341.6,228
2025-09-18 11:20:00+05:30,341.6,341.6,341.3,341.4,182
2025-09-18 11:25:00+05:30,341.4,341.4,341.4,341.4,0
2025-09-18 11:30:00+05:30,341.4,341.4,341.0,341.0,460
2025-09-18 11:35:00+05:30,341.0,341.25,340.7,340.7,1684
2025-09-18 11:40:00+05:30,340.7,340.7,340.5,340.5,2
2025-09-18 11:45:00+05:30,340.5,341.0,340.15,340.15,196
2025-09-18 11:50:00+05:30,340.15,340.8,340.15,340.8,338
2025-09-18 11:55:00+05:30,340.8,340.8,340.0,340.5,1320
2025-09-18 12:00:00+05:30,340.5,340.5,340.5,340.5,0
2025-09-18 12:05:00+05:30,340.5,341.1,340.5,341.1,906
2025-09-18 12:10:00+05:30,341.1,341.1,340.8,340.8,2
2025-09-18 12:15:00+05:30,340.8,341.0,340.8,341.0,18
2025-09-18 12:20:00+05:30,341.0,341.0,341.0,341.0,0
2025-09-18 12:25:00+05:30,341.0,341.0,341.0,341.0,0
2025-09-18 12:30:00+05:30,341.0,341.0,341.0,341.0,0
2025-09-18 12:35:00+05:30,341.0,341.0,340.4,340.4,54
2025-09-18 12:40:00+05:30,340.4,340.4,339.5,339.95,530
2025-09-18 12:45:00+05:30,339.95,339.95,339.95,339.95,0
2025-09-18 12:50:00+05:30,339.95,339.95,339.5,339.7,44
2025-09-18 12:55:00+05:30,339.7,339.7,339.5,339.7,244
2025-09-18 13:00:00+05:30,339.7,339.75,339.55,339.55,126
2025-09-18 13:05:00+05:30,339.55,339.55,339.55,339.55,0
2025-09-18 13:10:00+05:30,339.55,339.75,339.5,339.5,8
2025-09-18 13:15:00+05:30,339.5,339.5,339.5,339.5,0
2025-09-18 13:20:00+05:30,339.5,340.0,339.5,339.5,362
2025-09-18 13:25:00+05:30,339.5,340.2,339.5,340.2,52
2025-09-18 13:30:00+05:30,340.2,340.2,339.65,339.65,2
2025-09-18 13:35:00+05:30,339.65,339.65,339.6,339.6,18
2025-09-18 13:40:00+05:30,339.6,339.6,339.6,339.6,0
2025-09-18 13:45:00+05:30,339.6,339.6,339.6,339.6,130
2025-09-18 13:50:00+05:30,339.6,341.0,338.8,341.0,4920
2025-09-18 13:55:00+05:30,341.0,341.0,341.0,341.0,0
2025-09-18 14:00:00+05:30,341.0,342.0,341.0,342.0,20
2025-09-18 14:05:00+05:30,342.0,342.0,341.6,341.6,30
2025-09-18 14:10:00+05:30,341.6,342.0,341.6,341.8,186
2025-09-18 14:15:00+05:30,341.8,345.1,341.8,343.3,7378
2025-09-18 14:20:00+05:30,343.3,343.3,342.0,342.0,516
2025-09-18 14:25:00+05:30,342.0,342.2,341.0,342.2,1754
2025-09-18 14:30:00+05:30,342.2,342.2,341.85,341.85,2
2025-09-18 14:35:00+05:30,341.85,341.85,340.65,340.65,30
2025-09-18 14:40:00+05:30,340.65,341.0,340.65,340.95,164
2025-09-18 14:45:00+05:30,340.95,341.4,340.65,341.4,280
2025-09-18 14:50:00+05:30,341.4,341.4,340.8,341.05,416
2025-09-18 14:55:00+05:30,341.05,341.1,340.15,340.45,1276
2025-09-18 15:00:00+05:30,340.45,340.9,340.3,340.9,94
2025-09-18 15:05:00+05:30,340.9,340.9,340.45,340.55,8
2025-09-18 15:10:00+05:30,340.55,341.4,340.55,341.0,258
2025-09-18 15:15:00+05:30,341.0,341.7,340.0,340.0,3146
2025-09-18 15:20:00+05:30,340.0,341.3,340.0,340.7,1278
2025-09-18 15:25:00+05:30,340.7,349.5,339.5,342.0,4766
2025-09-19 09:15:00+05:30,339.0,346.0,339.0,340.5,1592
2025-09-19 09:20:00+05:30,340.5,341.4,337.5,339.8,7306
2025-09-19 09:25:00+05:30,339.8,339.9,338.0,339.9,420
2025-09-19 09:30:00+05:30,339.9,339.95,339.45,339.95,58
2025-09-19 09:35:00+05:30,339.9,339.9,339.15,339.15,632
2025-09-19 09:40:00+05:30,339.15,339.15,338.9,339.15,230
2025-09-19 09:45:00+05:30,339.15,342.2,338.85,342.2,1788
2025-09-19 09:50:00+05:30,342.2,342.4,341.8,341.8,126
2025-09-19 09:55:00+05:30,341.8,342.2,341.5,341.5,58
2025-09-19 10:00:00+05:30,341.5,341.5,340.0,340.0,340
2025-09-19 10:05:00+05:30,340.0,341.05,340.0,340.2,62
2025-09-19 10:10:00+05:30,340.2,340.4,339.65,340.4,2434
2025-09-19 10:15:00+05:30,340.4,340.5,340.0,340.0,1472
2025-09-19 10:20:00+05:30,340.0,340.85,340.0,340.85,6
2025-09-19 10:25:00+05:30,340.85,340.9,340.85,340.9,2
2025-09-19 10:30:00+05:30,340.9,340.9,340.0,340.0,12304
2025-09-19 10:35:00+05:30,340.0,340.0,339.25,339.4,266
2025-09-19 10:40:00+05:30,339.4,344.5,339.4,341.2,24554
2025-09-19 10:45:00+05:30,341.2,342.5,341.2,342.5,768
2025-09-19 10:50:00+05:30,342.5,342.5,341.55,341.55,60
2025-09-19 10:55:00+05:30,341.55,341.55,341.55,341.55,0
2025-09-19 11:00:00+05:30,341.55,341.85,341.55,341.55,400
2025-09-19 11:05:00+05:30,341.55,342.3,341.55,341.85,38
2025-09-19 11:10:00+05:30,341.85,342.5,341.6,342.5,458
2025-09-19 11:15:00+05:30,342.5,342.5,342.25,342.25,218
2025-09-19 11:20:00+05:30,342.25,342.5,342.25,342.25,30
2025-09-19 11:25:00+05:30,342.25,342.25,342.25,342.25,0
2025-09-19 11:30:00+05:30,342.25,342.25,342.25,342.25,0
2025-09-19 11:35:00+05:30,342.25,342.25,342.25,342.25,0
2025-09-19 11:40:00+05:30,342.25,342.25,341.25,341.25,222
2025-09-19 11:45:00+05:30,341.25,341.8,341.25,341.8,222
2025-09-19 11:50:00+05:30,341.8,341.8,341.8,341.8,0
2025-09-19 11:55:00+05:30,341.75,341.9,341.75,341.9,192
2025-09-19 12:00:00+05:30,341.9,342.4,341.5,341.5,52
2025-09-19 12:05:00+05:30,341.5,341.5,341.25,341.25,32
2025-09-19 12:10:00+05:30,341.25,341.25,340.9,340.9,6
2025-09-19 12:15:00+05:30,340.9,340.9,340.9,340.9,0
2025-09-19 12:20:00+05:30,340.9,341.1,340.9,341.1,20
2025-09-19 12:25:00+05:30,341.1,341.1,340.6,340.6,2
2025-09-19 12:30:00+05:30,340.6,340.6,340.6,340.6,0
2025-09-19 12:35:00+05:30,340.6,340.6,340.6,340.6,0
2025-09-19 12:40:00+05:30,340.6,340.6,340.1,340.1,334
2025-09-19 12:45:00+05:30,340.1,340.1,340.05,340.05,310
2025-09-19 12:50:00+05:30,340.05,340.5,340.05,340.3,196
2025-09-19 12:55:00+05:30,340.3,340.3,340.3,340.3,0
2025-09-19 13:00:00+05:30,340.3,341.8,340.3,341.8,94
2025-09-19 13:05:00+05:30,341.8,341.8,341.05,341.2,204
2025-09-19 13:10:00+05:30,341.2,341.2,341.2,341.2,0
2025-09-19 13:15:00+05:30,341.2,341.2,341.2,341.2,0
2025-09-19 13:20:00+05:30,341.2,341.7,341.2,341.2,102
2025-09-19 13:25:00+05:30,341.1,342.0,340.5,340.5,1784
2025-09-19 13:30:00+05:30,340.5,341.2,340.5,340.8,4
2025-09-19 13:35:00+05:30,340.8,340.8,340.8,340.8,0
2025-09-19 13:40:00+05:30,340.8,340.8,338.1,340.0,3124
2025-09-19 13:45:00+05:30,340.0,340.5,337.5,337.5,3018
2025-09-19 13:50:00+05:30,337.5,338.1,336.3,337.0,1484
2025-09-19 13:55:00+05:30,337.0,337.0,336.0,336.0,1266
2025-09-19 14:00:00+05:30,336.0,337.05,336.0,336.25,566
2025-09-19 14:05:00+05:30,336.5,336.5,336.0,336.5,170
2025-09-19 14:10:00+05:30,336.5,337.1,336.15,336.15,458
2025-09-19 14:15:00+05:30,336.15,336.6,335.0,336.45,2680
2025-09-19 14:20:00+05:30,336.45,336.9,336.45,336.5,42
2025-09-19 14:25:00+05:30,336.5,336.5,335.9,335.9,864
2025-09-19 14:30:00+05:30,335.9,337.6,335.55,336.6,2122
2025-09-19 14:35:00+05:30,336.6,337.2,336.3,337.2,306
2025-09-19 14:40:00+05:30,337.5,337.5,335.5,335.5,1342
2025-09-19 14:45:00+05:30,335.5,337.55,335.5,337.55,1910
2025-09-19 14:50:00+05:30,337.55,338.0,337.3,337.3,248
2025-09-19 14:55:00+05:30,337.3,337.9,337.3,337.9,12
2025-09-19 15:00:00+05:30,337.9,337.9,336.6,336.6,1046
2025-09-19 15:05:00+05:30,336.6,337.65,335.7,335.7,1060
2025-09-19 15:10:00+05:30,335.7,337.45,335.7,337.45,332
2025-09-19 15:15:00+05:30,337.45,337.45,335.7,336.0,1776
2025-09-19 15:20:00+05:30,336.0,336.6,335.5,336.6,1536
2025-09-19 15:25:00+05:30,336.6,336.95,335.0,335.0,6290
2025-09-22 09:15:00+05:30,339.5,339.8,334.3,334.7,3132
2025-09-22 09:20:00+05:30,336.2,336.2,335.5,335.5,458
2025-09-22 09:25:00+05:30,335.5,335.85,334.55,334.65,792
2025-09-22 09:30:00+05:30,334.65,335.45,333.5,335.45,4012
2025-09-22 09:35:00+05:30,335.45,337.3,335.45,336.5,68
2025-09-22 09:40:00+05:30,336.5,336.5,335.7,336.3,312
2025-09-22 09:45:00+05:30,336.3,336.3,335.3,335.95,470
2025-09-22 09:50:00+05:30,335.95,335.95,335.35,335.35,66
2025-09-22 09:55:00+05:30,335.35,335.4,335.35,335.4,2
2025-09-22 10:00:00+05:30,335.4,335.9,334.2,334.2,1762
2025-09-22 10:05:00+05:30,334.2,334.3,333.7,333.7,66
2025-09-22 10:10:00+05:30,333.7,334.25,333.7,334.2,180
2025-09-22 10:15:00+05:30,334.2,334.3,333.75,333.75,256
2025-09-22 10:20:00+05:30,333.75,334.35,333.75,334.35,28
2025-09-22 10:25:00+05:30,334.35,334.35,334.3,334.3,42
2025-09-22 10:30:00+05:30,334.3,334.3,333.75,334.2,82
2025-09-22 10:35:00+05:30,333.6,333.7,333.0,333.0,2652
2025-09-22 10:40:00+05:30,333.0,333.7,333.0,333.7,330
2025-09-22 10:45:00+05:30,333.7,333.9,333.0,333.7,1138
2025-09-22 10:50:00+05:30,333.7,333.7,330.0,330.35,8080
2025-09-22 10:55:00+05:30,330.0,332.45,330.0,332.2,796
2025-09-22 11:00:00+05:30,332.45,332.6,331.3,331.3,572
2025-09-22 11:05:00+05:30,331.3,331.5,330.3,331.3,1002
2025-09-22 11:10:00+05:30,331.3,331.7,330.7,331.7,218
2025-09-22 11:15:00+05:30,331.7,331.7,331.0,331.7,62
2025-09-22 11:20:00+05:30,331.7,332.45,331.35,332.05,1004
2025-09-22 11:25:00+05:30,332.05,332.5,331.8,331.8,326
2025-09-22 11:30:00+05:30,331.8,331.8,331.8,331.8,0
2025-09-22 11:35:00+05:30,331.8,332.4,331.8,332.4,14
2025-09-22 11:40:00+05:30,332.4,332.4,332.0,332.4,100
2025-09-22 11:45:00+05:30,332.4,333.0,332.35,332.35,106
2025-09-22 11:50:00+05:30,332.35,332.35,332.35,332.35,0
2025-09-22 11:55:00+05:30,332.35,333.3,332.35,332.9,48
2025-09-22 12:00:00+05:30,332.65,332.65,332.0,332.0,638
2025-09-22 12:05:00+05:30,332.0,332.0,332.0,332.0,250
2025-09-22 12:10:00+05:30,332.0,332.0,330.0,330.5,3264
2025-09-22 12:15:00+05:30,330.5,330.7,330.3,330.7,28
2025-09-22 12:20:00+05:30,330.7,330.7,330.7,330.7,74
2025-09-22 12:25:00+05:30,330.7,331.3,330.7,331.2,76
2025-09-22 12:30:00+05:30,331.2,331.25,330.8,330.8,484
2025-09-22 12:35:00+05:30,330.8,331.7,330.8,331.7,300
2025-09-22 12:40:00+05:30,331.7,331.7,331.0,331.5,38
2025-09-22 12:45:00+05:30,331.5,331.5,330.4,330.85,112
2025-09-22 12:50:00+05:30,330.85,331.5,330.75,330.75,142
2025-09-22 12:55:00+05:30,330.75,330.75,330.6,330.7,68
2025-09-22 13:00:00+05:30,330.7,330.7,330.7,330.7,0
2025-09-22 13:05:00+05:30,330.7,330.7,330.3,330.4,202
2025-09-22 13:10:00+05:30,330.4,330.9,330.4,330.9,46
2025-09-22 13:15:00+05:30,330.9,330.9,330.9,330.9,0
2025-09-22 13:20:00+05:30,330.9,330.95,330.9,330.95,22
2025-09-22 13:25:00+05:30,330.95,330.95,330.3,330.5,104
2025-09-22 13:30:00+05:30,330.5,330.5,330.5,330.5,0
2025-09-22 13:35:00+05:30,330.5,331.0,330.5,330.5,60
2025-09-22 13:40:00+05:30,330.5,330.5,330.5,330.5,160
2025-09-22 13:45:00+05:30,330.5,330.5,329.25,329.25,1912
2025-09-22 13:50:00+05:30,328.95,329.5,328.55,329.2,734
2025-09-22 13:55:00+05:30,329.2,329.2,328.5,329.0,174
2025-09-22 14:00:00+05:30,329.0,329.0,328.55,328.9,228
2025-09-22 14:05:00+05:30,328.9,329.5,328.6,329.5,498
2025-09-22 14:10:00+05:30,329.5,329.5,329.0,329.5,384
2025-09-22 14:15:00+05:30,329.5,329.5,329.1,329.1,66
2025-09-22 14:20:00+05:30,329.1,329.7,329.1,329.7,54
2025-09-22 14:25:00+05:30,329.7,329.9,329.7,329.9,100
2025-09-22 14:30:00+05:30,329.9,329.9,329.5,329.5,152
2025-09-22 14:35:00+05:30,329.5,330.0,329.5,330.0,112
2025-09-22 14:40:00+05:30,330.0,330.0,330.0,330.0,60
2025-09-22 14:45:00+05:30,330.0,330.0,328.8,329.25,798
2025-09-22 14:50:00+05:30,329.25,329.4,329.25,329.4,44
2025-09-22 14:55:00+05:30,329.4,329.4,327.6,328.0,1390
2025-09-22 15:00:00+05:30,328.0,328.0,327.5,327.95,1454
2025-09-22 15:05:00+05:30,327.95,327.95,326.2,327.3,2890
2025-09-22 15:10:00+05:30,327.3,327.5,327.0,327.15,1470
2025-09-22 15:15:00+05:30,327.15,327.7,327.0,327.5,690
2025-09-22 15:20:00+05:30,327.5,328.2,327.0,328.2,4032
2025-09-22 15:25:00+05:30,328.15,328.15,327.0,327.5,922
2025-09-23 09:15:00+05:30,327.4,329.95,327.0,328.0,2982
2025-09-23 09:20:00+05:30,328.0,328.9,319.8,326.5,12500
2025-09-23 09:25:00+05:30,326.5,328.0,324.85,327.7,2618
2025-09-23 09:30:00+05:30,327.4,327.4,325.0,325.0,2544
2025-09-23 09:35:00+05:30,325.0,326.9,325.0,326.9,196
2025-09-23 09:40:00+05:30,326.9,326.9,325.0,325.8,348
2025-09-23 09:45:00+05:30,325.8,325.8,324.7,324.7,582
2025-09-23 09:50:00+05:30,324.5,324.5,324.0,324.0,344
2025-09-23 09:55:00+05:30,324.0,324.0,321.6,323.0,1814
2025-09-23 10:00:00+05:30,323.0,324.5,322.55,323.9,1448
2025-09-23 10:05:00+05:30,323.9,323.9,322.9,323.1,4094
2025-09-23 10:10:00+05:30,323.1,323.8,321.75,321.75,10070
2025-09-23 10:15:00+05:30,321.8,322.2,321.8,322.2,1716
2025-09-23 10:20:00+05:30,322.2,322.5,321.8,321.8,1696
2025-09-23 10:25:00+05:30,322.1,322.5,322.1,322.5,1298
2025-09-23 10:30:00+05:30,322.5,324.95,320.5,324.95,11772
2025-09-23 10:35:00+05:30,324.95,326.9,324.95,326.4,1454
2025-09-23 10:40:00+05:30,326.4,326.5,325.75,326.25,316
2025-09-23 10:45:00+05:30,326.25,326.25,325.0,325.0,1458
2025-09-23 10:50:00+05:30,325.0,325.0,324.35,324.35,506
2025-09-23 10:55:00+05:30,324.35,325.0,323.75,324.75,1396
2025-09-23 11:00:00+05:30,324.75,324.75,323.8,324.7,228
2025-09-23 11:05:00+05:30,324.7,324.7,323.8,323.8,138
2025-09-23 11:10:00+05:30,323.8,323.8,323.5,323.5,46
2025-09-23 11:15:00+05:30,323.5,323.5,323.0,323.25,62
2025-09-23 11:20:00+05:30,323.25,323.25,322.7,323.2,46
2025-09-23 11:25:00+05:30,323.2,323.25,323.0,323.0,82
2025-09-23 11:30:00+05:30,323.0,323.0,323.0,323.0,100
2025-09-23 11:35:00+05:30,323.0,324.0,323.0,323.9,3368
2025-09-23 11:40:00+05:30,323.9,324.15,323.9,323.9,86
2025-09-23 11:45:00+05:30,323.9,323.9,323.9,323.9,0
2025-09-23 11:50:00+05:30,323.9,324.65,323.9,324.65,788
2025-09-23 11:55:00+05:30,324.65,325.3,324.65,325.3,80
2025-09-23 12:00:00+05:30,325.3,325.3,322.0,323.45,6386
2025-09-23 12:05:00+05:30,323.45,324.35,323.45,324.0,30
2025-09-23 12:10:00+05:30,324.0,324.0,323.5,323.5,2
2025-09-23 12:15:00+05:30,323.5,323.65,323.5,323.65,18
2025-09-23 12:20:00+05:30,323.65,323.65,323.0,323.0,54
2025-09-23 12:25:00+05:30,323.0,323.7,323.0,323.7,22
2025-09-23 12:30:00+05:30,323.7,323.75,323.7,323.75,614
2025-09-23 12:35:00+05:30,323.75,323.75,323.7,323.7,440
2025-09-23 12:40:00+05:30,323.7,323.75,323.05,323.05,404
2025-09-23 12:45:00+05:30,323.05,323.5,323.05,323.45,32
2025-09-23 12:50:00+05:30,323.45,323.45,323.45,323.45,100
2025-09-23 12:55:00+05:30,323.45,323.45,323.1,323.1,4
2025-09-23 13:00:00+05:30,323.45,323.7,323.4,323.5,116
2025-09-23 13:05:00+05:30,323.5,323.5,323.5,323.5,2
2025-09-23 13:10:00+05:30,323.5,323.5,323.5,323.5,0
2025-09-23 13:15:00+05:30,323.5,323.5,323.4,323.4,8
2025-09-23 13:20:00+05:30,323.4,323.5,323.4,323.5,16
2025-09-23 13:25:00+05:30,323.5,323.5,323.5,323.5,0
2025-09-23 13:30:00+05:30,323.5,323.5,323.5,323.5,0
2025-09-23 13:35:00+05:30,323.5,323.5,323.5,323.5,0
2025-09-23 13:40:00+05:30,323.5,323.5,323.5,323.5,0
2025-09-23 13:45:00+05:30,323.5,323.5,322.65,322.65,636
2025-09-23 13:50:00+05:30,322.65,322.65,322.65,322.65,50
2025-09-23 13:55:00+05:30,322.65,322.8,322.65,322.8,82
2025-09-23 14:00:00+05:30,322.8,322.8,322.8,322.8,0
2025-09-23 14:05:00+05:30,323.0,323.0,323.0,323.0,204
2025-09-23 14:10:00+05:30,323.0,323.0,323.0,323.0,32
2025-09-23 14:15:00+05:30,323.0,323.0,322.35,322.5,548
2025-09-23 14:20:00+05:30,322.5,322.5,322.35,322.35,98
2025-09-23 14:25:00+05:30,322.35,322.6,321.75,321.95,1066
2025-09-23 14:30:00+05:30,321.95,321.95,321.7,321.7,62
2025-09-23 14:35:00+05:30,321.7,321.7,321.15,321.3,1008
2025-09-23 14:40:00+05:30,321.3,322.0,321.3,321.7,1026
2025-09-23 14:45:00+05:30,321.7,321.7,321.7,321.7,22
2025-09-23 14:50:00+05:30,321.7,321.7,321.15,321.5,524
2025-09-23 14:55:00+05:30,321.5,321.5,321.4,321.4,6
2025-09-23 15:00:00+05:30,321.4,321.5,321.15,321.15,48
2025-09-23 15:05:00+05:30,321.15,321.5,321.15,321.5,168
2025-09-23 15:10:00+05:30,321.5,322.0,320.7,320.7,3794
2025-09-23 15:15:00+05:30,320.7,322.5,320.7,321.5,1968
2025-09-23 15:20:00+05:30,321.5,322.5,321.5,322.5,2268
2025-09-23 15:25:00+05:30,322.05,322.9,320.85,320.85,2216
2025-09-24 09:15:00+05:30,321.65,322.5,318.9,322.2,11386
2025-09-24 09:20:00+05:30,320.5,320.5,318.3,319.7,1950
2025-09-24 09:25:00+05:30,319.7,320.0,318.5,318.5,198
2025-09-24 09:30:00+05:30,318.5,319.5,318.5,319.4,1966
2025-09-24 09:35:00+05:30,319.4,319.4,318.9,318.9,60
2025-09-24 09:40:00+05:30,318.9,319.4,318.25,318.9,2130
2025-09-24 09:45:00+05:30,318.9,318.9,318.25,318.85,320
2025-09-24 09:50:00+05:30,318.85,319.1,318.3,319.1,200
2025-09-24 09:55:00+05:30,319.1,319.25,318.3,319.2,580
2025-09-24 10:00:00+05:30,319.2,321.0,319.1,320.7,2818
2025-09-24 10:05:00+05:30,320.7,320.7,320.0,320.3,1110
2025-09-24 10:10:00+05:30,320.3,320.9,320.3,320.9,710
2025-09-24 10:15:00+05:30,320.9,321.2,320.75,321.2,14
2025-09-24 10:20:00+05:30,321.2,321.5,321.2,321.5,214
2025-09-24 10:25:00+05:30,321.5,321.5,321.45,321.45,16
2025-09-24 10:30:00+05:30,321.45,321.45,320.6,321.15,66
2025-09-24 10:35:00+05:30,321.15,321.15,321.15,321.15,0
2025-09-24 10:40:00+05:30,320.6,320.6,320.6,320.6,22
2025-09-24 10:45:00+05:30,320.6,320.6,318.75,318.75,2766
2025-09-24 10:50:00+05:30,318.75,319.6,318.75,318.8,298
2025-09-24 10:55:00+05:30,318.8,319.25,318.8,319.25,50
2025-09-24 11:00:00+05:30,319.25,319.25,318.5,318.8,128
2025-09-24 11:05:00+05:30,318.8,319.25,318.8,319.25,532
2025-09-24 11:10:00+05:30,319.25,319.25,318.6,318.6,58
2025-09-24 11:15:00+05:30,318.6,318.8,318.05,318.4,2474
2025-09-24 11:20:00+05:30,318.4,318.4,318.4,318.4,0
2025-09-24 11:25:00+05:30,318.4,319.0,318.4,319.0,514
2025-09-24 11:30:00+05:30,319.0,319.0,317.75,318.5,1204
2025-09-24 11:35:00+05:30,318.5,318.5,318.5,318.5,50
2025-09-24 11:40:00+05:30,318.5,318.5,317.8,318.4,22
2025-09-24 11:45:00+05:30,318.4,318.4,318.4,318.4,0
2025-09-24 11:50:00+05:30,318.4,318.4,318.3,318.3,20
2025-09-24 11:55:00+05:30,318.3,318.3,318.3,318.3,0
2025-09-24 12:00:00+05:30,318.3,318.75,318.1,318.1,336
2025-09-24 12:05:00+05:30,318.1,318.1,317.75,317.75,258
2025-09-24 12:10:00+05:30,317.75,317.8,317.75,317.8,100
2025-09-24 12:15:00+05:30,317.8,318.05,317.75,317.75,438
2025-09-24 12:20:00+05:30,317.75,317.9,317.3,317.75,3034
2025-09-24 12:25:00+05:30,317.75,318.0,317.1,318.0,1052
2025-09-24 12:30:00+05:30,318.0,318.1,317.05,318.1,712
2025-09-24 12:35:00+05:30,318.1,319.2,318.1,319.2,74
2025-09-24 12:40:00+05:30,319.2,319.2,319.2,319.2,0
2025-09-24 12:45:00+05:30,319.2,319.7,318.3,319.7,1492
2025-09-24 12:50:00+05:30,319.7,320.0,319.7,320.0,5466
2025-09-24 12:55:00+05:30,320.0,320.0,319.05,319.05,500
2025-09-24 13:00:00+05:30,319.05,319.05,318.75,318.75,2
2025-09-24 13:05:00+05:30,318.75,318.75,317.95,317.95,624
2025-09-24 13:10:00+05:30,317.95,318.0,317.5,317.95,52
2025-09-24 13:15:00+05:30,317.95,318.1,317.45,317.45,500
2025-09-24 13:20:00+05:30,317.45,317.45,316.95,317.0,1024
2025-09-24 13:25:00+05:30,317.0,318.2,316.95,318.2,1444
2025-09-24 13:30:00+05:30,318.25,318.25,318.25,318.25,6
2025-09-24 13:35:00+05:30,318.25,318.25,318.25,318.25,30
2025-09-24 13:40:00+05:30,318.25,318.25,318.25,318.25,56
2025-09-24 13:45:00+05:30,318.25,318.25,318.25,318.25,0
2025-09-24 13:50:00+05:30,318.25,318.25,318.25,318.25,0
2025-09-24 13:55:00+05:30,318.25,318.5,318.25,318.5,50
2025-09-24 14:00:00+05:30,318.5,318.5,318.25,318.25,20
2025-09-24 14:05:00+05:30,318.25,318.25,318.25,318.25,56
2025-09-24 14:10:00+05:30,318.25,318.45,318.2,318.2,670
2025-09-24 14:15:00+05:30,318.2,319.7,318.2,319.4,3542
2025-09-24 14:20:00+05:30,319.4,319.4,319.4,319.4,0
2025-09-24 14:25:00+05:30,319.4,319.4,317.75,318.9,1478
2025-09-24 14:30:00+05:30,318.9,318.95,318.2,318.25,160
2025-09-24 14:35:00+05:30,318.25,319.0,318.25,319.0,356
2025-09-24 14:40:00+05:30,319.0,319.6,319.0,319.6,80
2025-09-24 14:45:00+05:30,319.45,319.45,318.8,319.4,162
2025-09-24 14:50:00+05:30,319.4,319.7,318.8,319.7,336
2025-09-24 14:55:00+05:30,319.7,319.7,318.5,319.0,760
2025-09-24 15:00:00+05:30,319.0,319.0,319.0,319.0,14
2025-09-24 15:05:00+05:30,318.5,319.0,318.5,318.9,864
2025-09-24 15:10:00+05:30,318.5,318.75,318.3,318.6,1804
2025-09-24 15:15:00+05:30,318.6,319.0,317.9,318.55,1770
2025-09-24 15:20:00+05:30,318.55,318.55,317.75,317.85,3028
2025-09-24 15:25:00+05:30,317.75,318.1,317.5,317.75,1766
2025-09-25 09:15:00+05:30,319.75,319.75,316.85,318.2,748
2025-09-25 09:20:00+05:30,318.5,320.05,318.5,319.9,712
2025-09-25 09:25:00+05:30,319.9,320.05,319.5,319.5,304
2025-09-25 09:30:00+05:30,319.5,320.95,319.5,320.0,748
2025-09-25 09:35:00+05:30,320.0,321.45,319.5,321.4,1314
2025-09-25 09:40:00+05:30,320.75,322.3,320.75,322.1,970
2025-09-25 09:45:00+05:30,322.1,322.2,321.3,321.9,1350
2025-09-25 09:50:00+05:30,321.9,321.9,321.9,321.9,140
2025-09-25 09:55:00+05:30,321.9,323.95,321.9,322.6,1402
2025-09-25 10:00:00+05:30,322.6,323.95,320.25,320.8,2830
2025-09-25 10:05:00+05:30,320.8,321.85,320.5,320.5,2156
2025-09-25 10:10:00+05:30,320.5,320.5,319.5,319.8,936
2025-09-25 10:15:00+05:30,319.8,319.8,319.8,319.8,0
2025-09-25 10:20:00+05:30,319.8,320.2,316.75,318.4,7466
2025-09-25 10:25:00+05:30,318.4,318.4,318.4,318.4,6
2025-09-25 10:30:00+05:30,318.4,318.5,318.4,318.4,310
2025-09-25 10:35:00+05:30,318.4,318.4,318.35,318.35,2
2025-09-25 10:40:00+05:30,318.35,318.5,318.35,318.45,280
2025-09-25 10:45:00+05:30,318.45,318.5,317.55,318.5,1644
2025-09-25 10:50:00+05:30,318.5,318.5,318.5,318.5,0
2025-09-25 10:55:00+05:30,318.5,319.5,318.5,319.25,568
2025-09-25 11:00:00+05:30,319.25,319.25,318.3,318.5,446
2025-09-25 11:05:00+05:30,318.5,319.6,318.5,319.6,308
2025-09-25 11:10:00+05:30,319.6,319.6,319.6,319.6,60
2025-09-25 11:15:00+05:30,319.6,319.85,319.6,319.85,32
2025-09-25 11:20:00+05:30,319.85,321.8,319.8,321.5,1314
2025-09-25 11:25:00+05:30,321.5,321.6,321.0,321.6,1616
2025-09-25 11:30:00+05:30,321.6,323.45,321.6,323.1,1420
2025-09-25 11:35:00+05:30,323.1,323.7,322.5,323.7,1994
2025-09-25 11:40:00+05:30,323.7,323.7,322.55,323.0,984
2025-09-25 11:45:00+05:30,323.0,323.0,321.55,322.55,1262
2025-09-25 11:50:00+05:30,322.55,322.55,321.55,321.55,880
2025-09-25 11:55:00+05:30,321.55,322.4,321.5,321.5,370
2025-09-25 12:00:00+05:30,321.5,321.5,320.8,320.85,36
2025-09-25 12:05:00+05:30,320.85,320.85,320.4,320.7,198
2025-09-25 12:10:00+05:30,320.7,320.9,320.7,320.9,6
2025-09-25 12:15:00+05:30,320.9,320.9,320.55,320.55,10
2025-09-25 12:20:00+05:30,320.55,321.1,320.55,321.1,60
2025-09-25 12:25:00+05:30,321.1,321.1,321.1,321.1,0
2025-09-25 12:30:00+05:30,321.1,321.25,321.1,321.25,80
2025-09-25 12:35:00+05:30,321.25,323.0,321.25,323.0,1242
2025-09-25 12:40:00+05:30,323.0,323.0,322.5,322.5,2552
2025-09-25 12:45:00+05:30,322.5,322.9,322.5,322.9,180
2025-09-25 12:50:00+05:30,322.9,322.9,322.25,322.45,22
2025-09-25 12:55:00+05:30,322.45,324.5,322.3,322.5,3618
2025-09-25 13:00:00+05:30,322.5,323.4,322.5,323.05,702
2025-09-25 13:05:00+05:30,323.05,323.8,323.0,323.8,154
2025-09-25 13:10:00+05:30,323.8,324.5,323.8,324.0,660
2025-09-25 13:15:00+05:30,324.15,324.15,323.5,323.5,6
2025-09-25 13:20:00+05:30,323.5,323.6,323.5,323.6,2
2025-09-25 13:25:00+05:30,323.6,323.75,323.6,323.75,80
2025-09-25 13:30:00+05:30,323.75,323.8,323.75,323.8,18
2025-09-25 13:35:00+05:30,323.9,324.0,323.2,323.9,358
2025-09-25 13:40:00+05:30,323.9,323.9,323.6,323.6,14
2025-09-25 13:45:00+05:30,323.6,324.0,323.3,323.3,2280
2025-09-25 13:50:00+05:30,323.3,329.3,323.3,329.3,8890
2025-09-25 13:55:00+05:30,329.3,329.3,327.5,327.5,672
2025-09-25 14:00:00+05:30,327.5,327.5,326.4,326.4,46
2025-09-25 14:05:00+05:30,326.4,326.4,325.6,325.6,248
2025-09-25 14:10:00+05:30,325.6,325.6,322.0,323.7,9266
2025-09-25 14:15:00+05:30,323.7,324.15,323.6,324.15,76
2025-09-25 14:20:00+05:30,324.15,324.4,322.5,322.5,788
2025-09-25 14:25:00+05:30,322.5,323.6,322.0,323.6,566
2025-09-25 14:30:00+05:30,323.6,323.6,323.6,323.6,0
2025-09-25 14:35:00+05:30,323.6,323.6,323.6,323.6,0
2025-09-25 14:40:00+05:30,323.6,323.6,323.0,323.4,128
2025-09-25 14:45:00+05:30,323.4,324.0,323.4,323.9,1436
2025-09-25 14:50:00+05:30,323.9,324.0,323.5,324.0,158
2025-09-25 14:55:00+05:30,324.0,324.0,323.2,323.85,318
2025-09-25 15:00:00+05:30,323.85,323.85,323.4,323.7,856
2025-09-25 15:05:00+05:30,323.7,324.6,323.7,323.7,84
2025-09-25 15:10:00+05:30,323.7,324.0,321.9,321.9,564
2025-09-25 15:15:00+05:30,321.9,322.05,320.8,320.8,7948
2025-09-25 15:20:00+05:30,320.8,321.85,320.5,321.85,1280
2025-09-25 15:25:00+05:30,321.85,322.5,320.5,322.5,1686
2025-09-26 09:15:00+05:30,324.0,324.25,317.5,317.5,1452
2025-09-26 09:20:00+05:30,317.5,317.75,316.2,317.75,3164
2025-09-26 09:25:00+05:30,320.3,320.3,318.6,319.0,246
2025-09-26 09:30:00+05:30,319.0,319.2,316.9,318.5,1028
2025-09-26 09:35:00+05:30,318.6,318.6,318.1,318.1,44
2025-09-26 09:40:00+05:30,319.5,320.45,319.5,320.2,1668
2025-09-26 09:45:00+05:30,320.2,322.5,320.2,322.5,126
2025-09-26 09:50:00+05:30,322.5,322.6,321.5,321.5,232
2025-09-26 09:55:00+05:30,321.5,322.0,321.5,322.0,286
2025-09-26 10:00:00+05:30,322.0,322.0,321.0,321.0,92
2025-09-26 10:05:00+05:30,321.0,322.0,320.0,321.1,13302
2025-09-26 10:10:00+05:30,321.1,323.0,321.1,323.0,5900
2025-09-26 10:15:00+05:30,323.0,327.45,321.8,326.15,15360
2025-09-26 10:20:00+05:30,326.15,329.5,325.55,325.55,40202
2025-09-26 10:25:00+05:30,325.55,326.3,325.2,325.6,1650
2025-09-26 10:30:00+05:30,325.6,325.6,325.0,325.3,556
2025-09-26 10:35:00+05:30,325.3,326.0,324.3,324.8,952
2025-09-26 10:40:00+05:30,324.8,324.8,323.1,324.7,3872
2025-09-26 10:45:00+05:30,324.7,325.5,324.65,325.5,858
2025-09-26 10:50:00+05:30,325.5,326.35,325.25,326.0,3982
2025-09-26 10:55:00+05:30,326.0,326.1,325.8,325.8,172
2025-09-26 11:00:00+05:30,325.8,325.8,325.7,325.7,22
2025-09-26 11:05:00+05:30,325.7,325.7,325.65,325.65,6
2025-09-26 11:10:00+05:30,325.65,326.25,325.6,325.6,212
2025-09-26 11:15:00+05:30,325.6,325.65,324.3,324.35,392
2025-09-26 11:20:00+05:30,324.35,324.95,324.35,324.5,262
2025-09-26 11:25:00+05:30,324.5,324.5,324.1,324.1,48
2025-09-26 11:30:00+05:30,324.1,324.4,323.9,324.4,54
2025-09-26 11:35:00+05:30,324.4,324.55,324.0,324.1,6100
2025-09-26 11:40:00+05:30,324.65,325.7,324.05,324.4,7098
2025-09-26 11:45:00+05:30,324.4,327.05,324.4,326.05,20468
2025-09-26 11:50:00+05:30,326.05,326.05,326.05,326.05,0
2025-09-26 11:55:00+05:30,326.05,326.05,325.8,325.8,70
2025-09-26 12:00:00+05:30,325.8,326.25,325.7,326.25,20
2025-09-26 12:05:00+05:30,326.25,328.0,326.25,327.4,1518
2025-09-26 12:10:00+05:30,327.4,327.6,327.05,327.25,118
2025-09-26 12:15:00+05:30,327.25,327.5,326.25,326.25,2464
2025-09-26 12:20:00+05:30,326.25,327.0,325.5,326.4,1238
2025-09-26 12:25:00+05:30,326.4,326.7,326.4,326.7,14
2025-09-26 12:30:00+05:30,326.7,326.7,326.65,326.65,222
2025-09-26 12:35:00+05:30,326.65,326.65,323.75,324.0,8534
2025-09-26 12:40:00+05:30,324.0,324.0,323.25,323.25,120
2025-09-26 12:45:00+05:30,323.25,323.35,323.1,323.1,46
2025-09-26 12:50:00+05:30,323.1,323.1,323.1,323.1,6
2025-09-26 12:55:00+05:30,323.1,323.5,323.1,323.1,268
2025-09-26 13:00:00+05:30,323.1,323.1,322.75,322.75,150
2025-09-26 13:05:00+05:30,322.75,322.75,322.75,322.75,0
2025-09-26 13:10:00+05:30,322.75,322.75,322.55,322.55,550
2025-09-26 13:15:00+05:30,322.55,322.6,322.05,322.6,624
2025-09-26 13:20:00+05:30,322.6,322.6,322.6,322.6,120
2025-09-26 13:25:00+05:30,322.6,322.6,321.5,321.5,62
2025-09-26 13:30:00+05:30,321.5,321.7,321.5,321.55,850
2025-09-26 13:35:00+05:30,321.55,321.55,321.0,321.4,502
2025-09-26 13:40:00+05:30,321.75,322.2,321.75,322.2,32
2025-09-26 13:45:00+05:30,322.2,322.2,320.55,320.75,742
2025-09-26 13:50:00+05:30,320.75,320.75,320.1,320.25,814
2025-09-26 13:55:00+05:30,320.25,320.25,320.25,320.25,6
2025-09-26 14:00:00+05:30,320.25,320.25,320.25,320.25,0
2025-09-26 14:05:00+05:30,320.25,320.5,320.25,320.4,4
2025-09-26 14:10:00+05:30,320.4,320.5,320.25,320.5,12
2025-09-26 14:15:00+05:30,320.5,320.5,319.0,319.9,2170
2025-09-26 14:20:00+05:30,319.9,319.9,319.85,319.85,10
2025-09-26 14:25:00+05:30,319.85,320.55,319.75,319.75,246
2025-09-26 14:30:00+05:30,319.75,320.4,318.1,318.8,4606
2025-09-26 14:35:00+05:30,319.0,319.9,319.0,319.0,1028
2025-09-26 14:40:00+05:30,319.0,320.9,319.0,320.6,434
2025-09-26 14:45:00+05:30,320.6,320.6,319.3,319.9,130
2025-09-26 14:50:00+05:30,319.9,320.3,319.9,320.3,488
2025-09-26 14:55:00+05:30,320.3,321.1,320.3,321.1,1308
2025-09-26 15:00:00+05:30,321.1,321.1,320.5,320.55,3754
2025-09-26 15:05:00+05:30,320.55,321.4,320.5,321.1,246
2025-09-26 15:10:00+05:30,321.0,321.0,319.75,319.85,2256
2025-09-26 15:15:00+05:30,320.0,321.0,319.3,319.3,1210
2025-09-26 15:20:00+05:30,319.3,320.9,319.15,320.7,4216
2025-09-26 15:25:00+05:30,320.7,325.0,320.6,325.0,5336
2025-09-29 09:15:00+05:30,324.0,324.5,312.5,317.5,4226
2025-09-29 09:20:00+05:30,317.5,318.7,317.5,318.7,494
2025-09-29 09:25:00+05:30,318.7,318.7,317.5,318.5,1144
2025-09-29 09:30:00+05:30,318.1,318.9,318.1,318.9,164
2025-09-29 09:35:00+05:30,318.9,319.35,318.05,318.3,1266
2025-09-29 09:40:00+05:30,318.3,318.7,317.9,317.9,332
2025-09-29 09:45:00+05:30,317.9,318.2,317.9,318.2,12
2025-09-29 09:50:00+05:30,318.2,318.2,317.7,317.7,20
2025-09-29 09:55:00+05:30,317.9,318.2,317.9,318.2,214
2025-09-29 10:00:00+05:30,318.2,318.5,318.15,318.15,268
2025-09-29 10:05:00+05:30,318.15,318.15,318.15,318.15,0
2025-09-29 10:10:00+05:30,318.15,318.15,318.1,318.1,448
2025-09-29 10:15:00+05:30,318.0,318.5,317.85,317.85,66
2025-09-29 10:20:00+05:30,317.85,317.85,317.5,317.5,1454
2025-09-29 10:25:00+05:30,317.5,317.5,317.0,317.2,24
2025-09-29 10:30:00+05:30,317.2,317.45,317.2,317.45,144
2025-09-29 10:35:00+05:30,317.45,317.5,317.0,317.0,82
2025-09-29 10:40:00+05:30,317.0,317.0,316.3,316.85,478
2025-09-29 10:45:00+05:30,316.85,317.3,316.8,317.3,36
2025-09-29 10:50:00+05:30,316.6,316.6,316.3,316.3,56
2025-09-29 10:55:00+05:30,316.0,316.25,316.0,316.25,76
2025-09-29 11:00:00+05:30,316.25,316.95,316.0,316.4,214
2025-09-29 11:05:00+05:30,316.4,316.4,316.4,316.4,34
2025-09-29 11:10:00+05:30,317.05,317.05,316.3,316.3,254
2025-09-29 11:15:00+05:30,316.3,317.0,316.3,317.0,16
2025-09-29 11:20:00+05:30,317.0,317.0,317.0,317.0,10
2025-09-29 11:25:00+05:30,317.0,317.0,317.0,317.0,30
2025-09-29 11:30:00+05:30,317.0,317.0,316.4,316.4,684
2025-09-29 11:35:00+05:30,316.4,316.5,316.25,316.5,308
2025-09-29 11:40:00+05:30,316.5,316.5,316.25,316.5,62
2025-09-29 11:45:00+05:30,316.5,316.5,316.5,316.5,0
2025-09-29 11:50:00+05:30,316.5,316.5,315.5,315.5,946
2025-09-29 11:55:00+05:30,315.5,315.7,315.05,315.2,1188
2025-09-29 12:00:00+05:30,315.2,315.65,315.2,315.65,80
2025-09-29 12:05:00+05:30,315.65,316.0,315.65,315.95,116
2025-09-29 12:10:00+05:30,315.95,315.95,315.15,315.15,54
2025-09-29 12:15:00+05:30,315.2,315.8,315.2,315.8,102
2025-09-29 12:20:00+05:30,315.8,315.8,315.5,315.5,40
2025-09-29 12:25:00+05:30,315.5,315.5,315.5,315.5,0
2025-09-29 12:30:00+05:30,315.5,315.5,315.5,315.5,0
2025-09-29 12:35:00+05:30,315.95,315.95,315.95,315.95,50
2025-09-29 12:40:00+05:30,315.95,315.95,315.95,315.95,0
2025-09-29 12:45:00+05:30,315.95,315.95,315.5,315.5,30
2025-09-29 12:50:00+05:30,315.5,315.5,315.1,315.1,140
2025-09-29 12:55:00+05:30,315.1,315.1,315.1,315.1,214
2025-09-29 13:00:00+05:30,316.0,316.0,315.4,315.9,30
2025-09-29 13:05:00+05:30,315.9,316.0,315.15,315.9,148
2025-09-29 13:10:00+05:30,315.9,315.9,315.9,315.9,0
2025-09-29 13:15:00+05:30,315.9,315.9,315.1,315.1,80
2025-09-29 13:20:00+05:30,315.5,315.5,315.1,315.1,100
2025-09-29 13:25:00+05:30,315.1,315.1,315.1,315.1,88
2025-09-29 13:30:00+05:30,315.1,315.1,315.1,315.1,0
2025-09-29 13:35:00+05:30,315.1,315.5,315.1,315.5,146
2025-09-29 13:40:00+05:30,315.65,315.65,313.4,313.4,3748
2025-09-29 13:45:00+05:30,313.9,314.5,313.9,314.5,514
2025-09-29 13:50:00+05:30,314.5,314.6,314.1,314.1,246
2025-09-29 13:55:00+05:30,314.1,314.5,314.1,314.1,336
2025-09-29 14:00:00+05:30,314.1,314.1,311.95,313.4,7252
2025-09-29 14:05:00+05:30,313.4,313.4,313.4,313.4,0
2025-09-29 14:10:00+05:30,313.4,313.6,313.4,313.6,2
2025-09-29 14:15:00+05:30,313.6,313.8,313.4,313.4,28
2025-09-29 14:20:00+05:30,313.4,313.9,313.4,313.5,166
2025-09-29 14:25:00+05:30,313.5,313.55,313.15,313.15,200
2025-09-29 14:30:00+05:30,313.15,313.65,313.15,313.65,66
2025-09-29 14:35:00+05:30,313.65,313.7,313.6,313.6,62
2025-09-29 14:40:00+05:30,313.6,314.0,313.4,314.0,264
2025-09-29 14:45:00+05:30,314.0,314.0,313.4,313.4,38
2025-09-29 14:50:00+05:30,313.4,313.6,313.2,313.6,48
2025-09-29 14:55:00+05:30,313.6,313.65,312.75,312.75,1058
2025-09-29 15:00:00+05:30,312.75,313.65,312.5,312.5,65804
2025-09-29 15:05:00+05:30,312.5,313.4,312.5,312.8,1782
2025-09-29 15:10:00+05:30,312.8,313.1,311.95,312.15,2382
2025-09-29 15:15:00+05:30,312.2,312.5,311.6,312.1,1842
2025-09-29 15:20:00+05:30,311.6,312.75,311.5,312.7,3058
2025-09-29 15:25:00+05:30,312.7,313.25,310.0,310.0,33044
2025-09-30 09:15:00+05:30,317.45,317.5,310.8,313.0,5166
2025-09-30 09:20:00+05:30,314.0,314.5,312.4,314.0,772
2025-09-30 09:25:00+05:30,314.0,314.5,312.9,312.9,164
2025-09-30 09:30:00+05:30,313.0,314.45,313.0,314.45,36
2025-09-30 09:35:00+05:30,314.45,314.5,313.5,314.3,130
2025-09-30 09:40:00+05:30,314.3,314.4,313.6,313.9,58
2025-09-30 09:45:00+05:30,313.9,314.45,313.9,314.45,90
2025-09-30 09:50:00+05:30,314.45,314.45,314.45,314.45,0
2025-09-30 09:55:00+05:30,314.45,314.45,314.45,314.45,0
2025-09-30 10:00:00+05:30,314.45,315.35,314.4,315.35,346
2025-09-30 10:05:00+05:30,315.35,317.0,314.65,315.0,580
2025-09-30 10:10:00+05:30,315.0,316.5,315.0,315.9,240
2025-09-30 10:15:00+05:30,315.9,316.7,315.9,316.5,184
2025-09-30 10:20:00+05:30,316.5,316.5,315.3,315.45,92
2025-09-30 10:25:00+05:30,316.35,316.35,315.3,315.3,640
2025-09-30 10:30:00+05:30,315.3,316.2,315.0,315.2,2000
2025-09-30 10:35:00+05:30,315.2,315.2,313.85,313.85,2342
2025-09-30 10:40:00+05:30,313.85,314.7,313.8,314.7,510
2025-09-30 10:45:00+05:30,314.7,314.7,313.9,314.6,260
2025-09-30 10:50:00+05:30,314.6,314.6,314.0,314.6,28
2025-09-30 10:55:00+05:30,314.6,314.8,314.6,314.8,10
2025-09-30 11:00:00+05:30,314.8,314.8,314.8,314.8,0
2025-09-30 11:05:00+05:30,314.8,315.6,314.8,315.6,214
2025-09-30 11:10:00+05:30,315.6,315.6,315.0,315.0,40
2025-09-30 11:15:00+05:30,315.0,316.7,315.0,316.7,50540
2025-09-30 11:20:00+05:30,316.7,317.5,315.8,316.65,4136
2025-09-30 11:25:00+05:30,316.65,318.9,315.25,316.7,28464
2025-09-30 11:30:00+05:30,317.25,318.85,316.15,317.1,33404
2025-09-30 11:35:00+05:30,316.85,318.25,316.75,317.4,35954
2025-09-30 11:40:00+05:30,317.4,317.6,316.0,316.6,7860
2025-09-30 11:45:00+05:30,316.6,316.6,316.0,316.0,432
2025-09-30 11:50:00+05:30,316.0,316.0,316.0,316.0,20
2025-09-30 11:55:00+05:30,316.0,316.4,315.7,316.4,252
2025-09-30 12:00:00+05:30,316.4,316.5,316.4,316.5,454
2025-09-30 12:05:00+05:30,316.5,317.3,316.5,317.3,138
2025-09-30 12:10:00+05:30,317.3,318.0,317.3,317.5,216
2025-09-30 12:15:00+05:30,317.5,317.6,317.4,317.6,42
2025-09-30 12:20:00+05:30,317.6,317.7,317.5,317.7,46
2025-09-30 12:25:00+05:30,317.7,317.9,317.7,317.9,30
2025-09-30 12:30:00+05:30,317.9,318.0,317.9,317.9,16
2025-09-30 12:35:00+05:30,317.9,318.6,317.9,318.5,406
2025-09-30 12:40:00+05:30,318.5,318.5,318.1,318.1,56
2025-09-30 12:45:00+05:30,318.1,318.5,318.0,318.5,318
2025-09-30 12:50:00+05:30,318.5,318.5,318.45,318.5,138
2025-09-30 12:55:00+05:30,318.5,318.5,318.5,318.5,0
2025-09-30 13:00:00+05:30,318.5,318.5,317.5,317.9,70842
2025-09-30 13:05:00+05:30,317.8,317.8,316.5,316.7,4222
2025-09-30 13:10:00+05:30,316.7,316.7,314.1,315.6,5284
2025-09-30 13:15:00+05:30,315.6,318.8,315.6,318.8,107024
2025-09-30 13:20:00+05:30,318.8,319.7,318.6,319.7,33618
2025-09-30 13:25:00+05:30,319.7,319.7,318.8,319.0,1654
2025-09-30 13:30:00+05:30,319.0,319.0,318.0,318.0,228
2025-09-30 13:35:00+05:30,318.0,318.0,317.8,318.0,14
2025-09-30 13:40:00+05:30,318.0,318.3,317.65,317.65,1194
2025-09-30 13:45:00+05:30,317.45,317.7,317.0,317.5,1578
2025-09-30 13:50:00+05:30,317.5,317.7,317.5,317.5,6614
2025-09-30 13:55:00+05:30,317.5,317.5,317.0,317.25,40130
2025-09-30 14:00:00+05:30,317.25,317.25,316.8,316.8,37908
2025-09-30 14:05:00+05:30,316.8,316.9,316.4,316.4,214
2025-09-30 14:10:00+05:30,316.7,316.7,315.0,315.0,822
2025-09-30 14:15:00+05:30,315.0,315.4,315.0,315.4,7842
2025-09-30 14:20:00+05:30,315.4,315.5,314.0,314.0,7004
2025-09-30 14:25:00+05:30,314.0,314.4,314.0,314.4,4
2025-09-30 14:30:00+05:30,314.4,314.7,314.05,314.7,162
2025-09-30 14:35:00+05:30,314.7,315.3,314.55,315.3,650
2025-09-30 14:40:00+05:30,315.3,316.15,314.1,314.1,866
2025-09-30 14:45:00+05:30,314.1,314.1,314.1,314.1,42
2025-09-30 14:50:00+05:30,314.1,315.0,314.1,315.0,464
2025-09-30 14:55:00+05:30,314.4,314.9,314.2,314.8,280
2025-09-30 15:00:00+05:30,313.85,313.9,312.7,313.9,2376
2025-09-30 15:05:00+05:30,313.95,314.65,312.55,312.55,486
2025-09-30 15:10:00+05:30,312.55,313.3,312.05,312.1,1160
2025-09-30 15:15:00+05:30,312.6,313.1,312.05,312.95,1798
2025-09-30 15:20:00+05:30,312.95,313.5,312.95,313.45,868
2025-09-30 15:25:00+05:30,313.7,314.75,313.0,313.5,5164
2025-10-01 09:15:00+05:30,311.0,319.5,311.0,315.9,828
2025-10-01 09:20:00+05:30,315.9,316.1,315.4,315.4,604
2025-10-01 09:25:00+05:30,315.4,316.05,315.2,315.2,14
2025-10-01 09:30:00+05:30,315.2,315.2,315.1,315.1,4
2025-10-01 09:35:00+05:30,315.1,316.25,314.1,316.25,478
2025-10-01 09:40:00+05:30,317.0,318.0,316.9,318.0,1446
2025-10-01 09:45:00+05:30,318.0,318.0,316.0,317.1,2240
2025-10-01 09:50:00+05:30,317.1,317.1,315.7,315.7,912
2025-10-01 09:55:00+05:30,315.7,315.8,314.85,314.9,558
2025-10-01 10:00:00+05:30,314.9,315.5,314.9,315.5,108
2025-10-01 10:05:00+05:30,315.5,315.5,314.5,314.75,1480
2025-10-01 10:10:00+05:30,314.5,315.1,314.5,315.1,140
2025-10-01 10:15:00+05:30,315.1,315.5,315.0,315.0,102
2025-10-01 10:20:00+05:30,315.0,315.5,314.8,315.5,300
2025-10-01 10:25:00+05:30,315.5,315.5,314.5,315.0,420
2025-10-01 10:30:00+05:30,315.0,315.0,315.0,315.0,40
2025-10-01 10:35:00+05:30,315.0,315.3,315.0,315.3,240
2025-10-01 10:40:00+05:30,315.3,315.3,314.5,314.5,938
2025-10-01 10:45:00+05:30,314.5,314.5,314.5,314.5,70
2025-10-01 10:50:00+05:30,314.5,314.5,313.9,313.9,10
2025-10-01 10:55:00+05:30,313.9,314.0,311.8,312.4,4074
2025-10-01 11:00:00+05:30,312.4,314.0,312.3,312.3,4722
2025-10-01 11:05:00+05:30,312.3,312.3,311.5,312.3,260
2025-10-01 11:10:00+05:30,312.3,312.95,312.3,312.95,188
2025-10-01 11:15:00+05:30,312.95,313.4,312.95,313.4,32
2025-10-01 11:20:00+05:30,313.4,313.4,313.4,313.4,96
2025-10-01 11:25:00+05:30,313.4,313.4,313.4,313.4,0
2025-10-01 11:30:00+05:30,313.4,314.4,313.4,314.4,964
2025-10-01 11:35:00+05:30,314.4,314.4,313.65,313.65,604
2025-10-01 11:40:00+05:30,313.65,313.65,313.65,313.65,0
2025-10-01 11:45:00+05:30,313.65,314.05,313.65,314.05,16
2025-10-01 11:50:00+05:30,314.05,314.05,314.05,314.05,42
2025-10-01 11:55:00+05:30,314.05,314.5,314.05,314.15,36
2025-10-01 12:00:00+05:30,314.15,314.7,314.15,314.7,164
2025-10-01 12:05:00+05:30,314.7,314.7,313.9,314.3,138
2025-10-01 12:10:00+05:30,314.4,314.7,314.2,314.7,156
2025-10-01 12:15:00+05:30,314.7,315.4,314.7,315.2,24
2025-10-01 12:20:00+05:30,315.2,315.2,315.1,315.1,2
2025-10-01 12:25:00+05:30,315.1,315.1,313.9,314.4,272
2025-10-01 12:30:00+05:30,314.4,314.4,313.65,313.65,1958
2025-10-01 12:35:00+05:30,313.65,313.7,313.65,313.7,46
2025-10-01 12:40:00+05:30,313.7,313.7,313.7,313.7,52
2025-10-01 12:45:00+05:30,313.7,313.7,313.5,313.5,368
2025-10-01 12:50:00+05:30,313.5,313.5,313.2,313.2,2
2025-10-01 12:55:00+05:30,313.2,313.5,312.75,313.25,1118
2025-10-01 13:00:00+05:30,313.25,313.45,313.05,313.45,540
2025-10-01 13:05:00+05:30,313.45,313.9,313.45,313.9,40
2025-10-01 13:10:00+05:30,313.9,314.3,313.8,313.8,2
2025-10-01 13:15:00+05:30,313.75,314.1,313.75,314.1,2392
2025-10-01 13:20:00+05:30,314.1,314.1,312.5,312.65,918
2025-10-01 13:25:00+05:30,312.65,312.7,312.6,312.7,40
2025-10-01 13:30:00+05:30,312.7,312.7,312.65,312.65,184
2025-10-01 13:35:00+05:30,312.65,313.0,312.65,313.0,18
2025-10-01 13:40:00+05:30,313.0,313.0,312.5,312.65,208
2025-10-01 13:45:00+05:30,311.6,312.4,311.6,312.4,504
2025-10-01 13:50:00+05:30,312.4,312.5,312.4,312.45,76
2025-10-01 13:55:00+05:30,312.45,312.45,312.45,312.45,0
2025-10-01 14:00:00+05:30,312.45,312.7,312.45,312.7,264
2025-10-01 14:05:00+05:30,312.7,312.7,312.0,312.2,626
2025-10-01 14:10:00+05:30,312.2,313.0,312.05,313.0,1996
2025-10-01 14:15:00+05:30,313.0,313.35,313.0,313.3,110
2025-10-01 14:20:00+05:30,313.3,313.4,312.6,312.6,134
2025-10-01 14:25:00+05:30,312.6,313.4,312.6,313.4,36
2025-10-01 14:30:00+05:30,313.4,314.1,313.4,314.1,50
2025-10-01 14:35:00+05:30,314.1,315.0,314.1,314.8,2382
2025-10-01 14:40:00+05:30,314.8,315.0,314.8,315.0,244
2025-10-01 14:45:00+05:30,315.0,316.0,315.0,316.0,908
2025-10-01 14:50:00+05:30,316.0,316.0,315.5,315.5,156
2025-10-01 14:55:00+05:30,315.5,315.5,314.3,314.75,5062
2025-10-01 15:00:00+05:30,314.75,315.5,314.75,315.05,1340
2025-10-01 15:05:00+05:30,315.05,315.7,315.0,315.4,84
2025-10-01 15:10:00+05:30,315.4,316.0,315.1,316.0,234
2025-10-01 15:15:00+05:30,316.0,316.2,315.55,316.0,690
2025-10-01 15:20:00+05:30,316.0,316.4,315.6,316.4,400
2025-10-01 15:25:00+05:30,316.4,316.5,315.55,316.5,1646
2025-10-03 09:15:00+05:30,318.0,318.0,315.0,315.0,262
2025-10-03 09:20:00+05:30,315.0,315.5,314.5,314.8,162
2025-10-03 09:25:00+05:30,314.8,316.0,314.8,316.0,236
2025-10-03 09:30:00+05:30,316.0,316.0,315.3,315.7,450
2025-10-03 09:35:00+05:30,315.7,315.7,315.05,315.05,2986
2025-10-03 09:40:00+05:30,315.05,315.3,315.05,315.3,6
2025-10-03 09:45:00+05:30,315.3,315.3,315.05,315.05,352
2025-10-03 09:50:00+05:30,315.05,316.0,315.05,316.0,434
2025-10-03 09:55:00+05:30,316.0,316.15,316.0,316.1,6
2025-10-03 10:00:00+05:30,316.1,316.1,315.8,316.1,18
2025-10-03 10:05:00+05:30,316.1,316.2,315.55,315.55,70
2025-10-03 10:10:00+05:30,315.55,315.7,314.8,314.8,612
2025-10-03 10:15:00+05:30,314.8,314.95,314.3,314.7,1484
2025-10-03 10:20:00+05:30,314.7,315.0,314.4,314.4,1176
2025-10-03 10:25:00+05:30,314.4,315.0,314.4,314.9,8
2025-10-03 10:30:00+05:30,314.9,316.0,314.9,316.0,1032
2025-10-03 10:35:00+05:30,316.0,316.0,316.0,316.0,0
2025-10-03 10:40:00+05:30,316.0,316.2,316.0,316.2,1250
2025-10-03 10:45:00+05:30,316.2,316.2,315.7,316.0,76
2025-10-03 10:50:00+05:30,316.0,316.0,316.0,316.0,0
2025-10-03 10:55:00+05:30,316.0,316.0,315.5,315.5,2
2025-10-03 11:00:00+05:30,315.5,315.9,315.5,315.5,22
2025-10-03 11:05:00+05:30,315.5,315.95,315.5,315.95,70
2025-10-03 11:10:00+05:30,315.95,315.95,315.0,315.0,410
2025-10-03 11:15:00+05:30,315.0,315.0,315.0,315.0,0
2025-10-03 11:20:00+05:30,315.0,315.5,315.0,315.5,56
2025-10-03 11:25:00+05:30,315.5,315.5,315.5,315.5,0
2025-10-03 11:30:00+05:30,315.5,315.7,315.3,315.3,104
2025-10-03 11:35:00+05:30,315.3,315.3,315.3,315.3,0
2025-10-03 11:40:00+05:30,315.3,315.3,315.3,315.3,0
2025-10-03 11:45:00+05:30,315.3,315.8,315.3,315.4,428
2025-10-03 11:50:00+05:30,315.4,315.4,315.4,315.4,0
2025-10-03 11:55:00+05:30,315.4,316.85,314.55,316.65,14764
2025-10-03 12:00:00+05:30,316.65,317.4,313.7,315.4,26848
2025-10-03 12:05:00+05:30,315.4,317.45,314.3,316.6,26038
2025-10-03 12:10:00+05:30,316.6,317.45,315.0,316.45,26562
2025-10-03 12:15:00+05:30,316.45,317.1,311.6,312.85,39032
2025-10-03 12:20:00+05:30,312.85,313.5,312.8,313.25,500
2025-10-03 12:25:00+05:30,313.25,313.35,312.9,313.25,824
2025-10-03 12:30:00+05:30,313.25,313.25,312.7,312.8,3646
2025-10-03 12:35:00+05:30,312.8,313.1,312.8,312.8,2
2025-10-03 12:40:00+05:30,312.8,313.35,312.75,312.85,228
2025-10-03 12:45:00+05:30,313.2,313.2,313.0,313.1,64
2025-10-03 12:50:00+05:30,313.1,313.4,313.1,313.4,30
2025-10-03 12:55:00+05:30,313.4,313.4,313.4,313.4,10
2025-10-03 13:00:00+05:30,313.0,313.0,313.0,313.0,40
2025-10-03 13:05:00+05:30,313.0,313.25,312.8,312.8,950
2025-10-03 13:10:00+05:30,312.8,313.25,312.8,313.2,188
2025-10-03 13:15:00+05:30,313.2,313.2,308.0,308.95,15784
2025-10-03 13:20:00+05:30,308.95,309.7,308.95,309.7,3520
2025-10-03 13:25:00+05:30,309.25,309.3,305.5,308.95,7632
2025-10-03 13:30:00+05:30,308.95,309.4,308.95,309.4,70
2025-10-03 13:35:00+05:30,309.3,309.3,308.45,308.45,626
2025-10-03 13:40:00+05:30,308.45,309.35,308.0,308.5,3226
2025-10-03 13:45:00+05:30,308.7,309.5,308.7,309.1,1088
2025-10-03 13:50:00+05:30,309.1,309.55,309.0,309.3,32
2025-10-03 13:55:00+05:30,309.3,309.75,309.3,309.75,428
2025-10-03 14:00:00+05:30,309.3,311.7,309.3,311.7,11094
2025-10-03 14:05:00+05:30,311.7,311.7,310.5,310.5,114
2025-10-03 14:10:00+05:30,310.5,310.85,310.5,310.7,94
2025-10-03 14:15:00+05:30,310.7,310.7,310.0,310.3,56
2025-10-03 14:20:00+05:30,310.3,310.3,310.0,310.0,316
2025-10-03 14:25:00+05:30,310.0,311.0,310.0,311.0,254
2025-10-03 14:30:00+05:30,311.0,311.3,311.0,311.2,96
2025-10-03 14:35:00+05:30,311.2,311.4,311.2,311.4,44
2025-10-03 14:40:00+05:30,311.4,311.8,311.4,311.8,254
2025-10-03 14:45:00+05:30,311.8,313.1,311.8,312.5,2766
2025-10-03 14:50:00+05:30,313.0,313.8,312.5,313.8,1980
2025-10-03 14:55:00+05:30,314.0,314.1,313.1,313.9,1836
2025-10-03 15:00:00+05:30,313.9,313.9,313.1,313.25,1566
2025-10-03 15:05:00+05:30,313.25,313.9,312.85,313.5,2728
2025-10-03 15:10:00+05:30,313.5,314.75,313.5,313.8,6250
2025-10-03 15:15:00+05:30,313.8,314.7,313.0,314.5,2440
2025-10-03 15:20:00+05:30,314.5,314.95,314.4,314.4,2466
2025-10-03 15:25:00+05:30,314.4,315.0,313.7,315.0,4848
2025-10-06 09:15:00+05:30,310.0,314.15,310.0,313.6,1138
2025-10-06 09:20:00+05:30,313.0,317.1,313.0,316.45,9182
2025-10-06 09:25:00+05:30,316.45,317.2,315.3,317.0,954
2025-10-06 09:30:00+05:30,317.0,317.95,316.2,317.95,1658
2025-10-06 09:35:00+05:30,317.95,317.95,317.3,317.5,602
2025-10-06 09:40:00+05:30,317.5,317.5,316.0,316.0,648
2025-10-06 09:45:00+05:30,316.0,316.4,315.5,315.5,418
2025-10-06 09:50:00+05:30,316.0,317.1,316.0,317.1,108
2025-10-06 09:55:00+05:30,317.1,317.1,316.05,316.05,610
2025-10-06 10:00:00+05:30,316.05,316.35,315.8,316.35,112
2025-10-06 10:05:00+05:30,316.35,317.5,316.35,317.4,1786
2025-10-06 10:10:00+05:30,317.4,317.4,315.9,316.3,6886
2025-10-06 10:15:00+05:30,316.8,318.5,316.25,317.8,15282
2025-10-06 10:20:00+05:30,317.85,319.5,317.75,318.8,17118
2025-10-06 10:25:00+05:30,318.8,319.15,318.8,319.15,4
2025-10-06 10:30:00+05:30,318.25,318.25,316.6,316.6,428
2025-10-06 10:35:00+05:30,316.6,316.6,316.6,316.6,0
2025-10-06 10:40:00+05:30,316.6,317.5,316.6,316.9,188
2025-10-06 10:45:00+05:30,317.4,317.4,316.5,316.5,6198
2025-10-06 10:50:00+05:30,316.5,316.5,315.5,315.5,138
2025-10-06 10:55:00+05:30,315.5,316.4,315.5,316.0,18
2025-10-06 11:00:00+05:30,316.0,316.8,316.0,316.8,42
2025-10-06 11:05:00+05:30,316.8,316.8,315.95,316.25,1116
2025-10-06 11:10:00+05:30,316.25,316.25,316.25,316.25,0
2025-10-06 11:15:00+05:30,316.25,317.2,316.2,317.2,348
2025-10-06 11:20:00+05:30,317.2,317.2,316.35,316.35,608
2025-10-06 11:25:00+05:30,316.35,316.35,316.35,316.35,0
2025-10-06 11:30:00+05:30,316.35,316.35,316.35,316.35,0
2025-10-06 11:35:00+05:30,316.35,316.7,316.35,316.7,40
2025-10-06 11:40:00+05:30,316.7,316.75,316.7,316.75,16
2025-10-06 11:45:00+05:30,316.75,316.75,316.75,316.75,0
2025-10-06 11:50:00+05:30,316.75,316.75,315.5,315.5,5110
2025-10-06 11:55:00+05:30,315.55,316.3,315.5,316.3,1794
2025-10-06 12:00:00+05:30,316.3,316.3,315.5,315.7,600
2025-10-06 12:05:00+05:30,315.7,315.9,315.0,315.4,1390
2025-10-06 12:10:00+05:30,315.4,315.9,315.4,315.6,86
2025-10-06 12:15:00+05:30,315.6,316.0,315.6,316.0,8
2025-10-06 12:20:00+05:30,316.0,316.3,316.0,316.3,430
2025-10-06 12:25:00+05:30,316.3,316.3,315.1,315.1,226
2025-10-06 12:30:00+05:30,315.1,315.6,315.1,315.5,584
2025-10-06 12:35:00+05:30,315.5,315.5,315.5,315.5,0
2025-10-06 12:40:00+05:30,315.5,315.5,315.5,315.5,0
2025-10-06 12:45:00+05:30,315.5,315.5,315.5,315.5,0
2025-10-06 12:50:00+05:30,316.0,316.0,316.0,316.0,2
2025-10-06 12:55:00+05:30,316.0,316.0,316.0,316.0,0
2025-10-06 13:00:00+05:30,316.0,316.0,315.5,315.5,14
2025-10-06 13:05:00+05:30,315.5,316.0,315.5,316.0,14
2025-10-06 13:10:00+05:30,316.0,316.0,315.6,315.6,2
2025-10-06 13:15:00+05:30,315.6,315.9,315.6,315.6,270
2025-10-06 13:20:00+05:30,315.6,315.6,315.6,315.6,0
2025-10-06 13:25:00+05:30,315.6,315.6,315.6,315.6,0
2025-10-06 13:30:00+05:30,315.6,315.6,315.6,315.6,0
2025-10-06 13:35:00+05:30,315.6,315.6,315.6,315.6,0
2025-10-06 13:40:00+05:30,315.8,316.4,315.8,316.4,12
2025-10-06 13:45:00+05:30,316.0,316.6,316.0,316.15,6
2025-10-06 13:50:00+05:30,316.15,316.6,316.15,316.55,10
2025-10-06 13:55:00+05:30,316.2,316.35,316.0,316.35,60
2025-10-06 14:00:00+05:30,316.35,316.35,315.5,315.5,78
2025-10-06 14:05:00+05:30,315.5,315.7,315.5,315.7,184
2025-10-06 14:10:00+05:30,315.7,316.7,315.7,316.7,4
2025-10-06 14:15:00+05:30,316.7,316.7,316.7,316.7,32
2025-10-06 14:20:00+05:30,316.7,317.8,316.7,317.7,2086
2025-10-06 14:25:00+05:30,317.7,318.9,317.7,317.9,6170
2025-10-06 14:30:00+05:30,317.9,318.0,317.55,317.95,1186
2025-10-06 14:35:00+05:30,317.95,317.95,317.4,317.4,224
2025-10-06 14:40:00+05:30,317.4,318.5,317.4,318.5,6
2025-10-06 14:45:00+05:30,318.5,318.5,318.2,318.2,8
2025-10-06 14:50:00+05:30,318.2,320.1,318.2,320.0,4278
2025-10-06 14:55:00+05:30,320.0,322.3,319.75,320.4,1434
2025-10-06 15:00:00+05:30,320.4,321.25,320.2,321.1,2262
2025-10-06 15:05:00+05:30,320.5,320.5,320.2,320.2,730
2025-10-06 15:10:00+05:30,320.2,321.3,320.2,320.25,1046
2025-10-06 15:15:00+05:30,320.2,321.0,320.2,320.8,934
2025-10-06 15:20:00+05:30,320.9,321.0,320.25,320.75,1446
2025-10-06 15:25:00+05:30,320.75,322.5,320.75,321.1,5112
2025-10-07 09:15:00+05:30,318.1,322.7,318.1,321.4,2192
2025-10-07 09:20:00+05:30,321.4,322.2,321.35,322.2,298
2025-10-07 09:25:00+05:30,322.2,325.4,322.2,323.8,7908
2025-10-07 09:30:00+05:30,323.4,323.5,317.9,317.9,5532
2025-10-07 09:35:00+05:30,317.9,319.0,317.9,319.0,1730
2025-10-07 09:40:00+05:30,319.0,319.0,318.0,318.6,1152
2025-10-07 09:45:00+05:30,318.95,319.4,318.9,318.9,272
2025-10-07 09:50:00+05:30,318.9,319.5,318.9,319.45,262
2025-10-07 09:55:00+05:30,319.5,320.0,319.5,320.0,100
2025-10-07 10:00:00+05:30,320.0,321.0,320.0,321.0,824
2025-10-07 10:05:00+05:30,321.0,321.0,321.0,321.0,0
2025-10-07 10:10:00+05:30,321.0,321.0,321.0,321.0,2
2025-10-07 10:15:00+05:30,321.0,321.0,319.8,319.8,1660
2025-10-07 10:20:00+05:30,319.8,320.0,319.75,320.0,966
2025-10-07 10:25:00+05:30,320.0,320.0,319.75,319.75,6
2025-10-07 10:30:00+05:30,319.75,320.25,319.75,320.25,20
2025-10-07 10:35:00+05:30,320.25,320.25,319.4,319.8,2374
2025-10-07 10:40:00+05:30,319.8,319.8,319.8,319.8,0
2025-10-07 10:45:00+05:30,319.8,320.0,319.3,320.0,96
2025-10-07 10:50:00+05:30,320.0,320.5,320.0,320.0,892
2025-10-07 10:55:00+05:30,320.0,320.0,320.0,320.0,0
2025-10-07 11:00:00+05:30,319.45,319.5,319.0,319.5,86
2025-10-07 11:05:00+05:30,319.5,319.5,319.25,319.3,98
2025-10-07 11:10:00+05:30,319.3,319.3,319.3,319.3,0
2025-10-07 11:15:00+05:30,319.3,319.3,319.3,319.3,0
2025-10-07 11:20:00+05:30,319.3,319.3,319.0,319.0,56
2025-10-07 11:25:00+05:30,319.0,319.0,318.7,318.7,12
2025-10-07 11:30:00+05:30,318.7,318.7,318.65,318.65,100
2025-10-07 11:35:00+05:30,318.65,318.65,318.65,318.65,0
2025-10-07 11:40:00+05:30,318.65,318.65,318.45,318.45,72
2025-10-07 11:45:00+05:30,318.45,318.85,318.45,318.85,48
2025-10-07 11:50:00+05:30,318.85,318.85,318.1,318.1,42
2025-10-07 11:55:00+05:30,318.1,318.1,317.8,318.1,648
2025-10-07 12:00:00+05:30,318.1,318.2,318.1,318.2,72
2025-10-07 12:05:00+05:30,318.2,318.6,318.2,318.45,50
2025-10-07 12:10:00+05:30,318.45,318.45,318.45,318.45,0
2025-10-07 12:15:00+05:30,318.45,318.45,318.4,318.4,4
2025-10-07 12:20:00+05:30,318.4,318.4,318.2,318.2,358
2025-10-07 12:25:00+05:30,318.2,318.2,317.6,317.6,386
2025-10-07 12:30:00+05:30,317.55,317.55,317.5,317.55,516
2025-10-07 12:35:00+05:30,317.55,318.2,317.25,318.2,238
2025-10-07 12:40:00+05:30,318.2,318.2,318.2,318.2,2
2025-10-07 12:45:00+05:30,318.2,318.2,318.1,318.1,40
2025-10-07 12:50:00+05:30,318.1,318.3,317.75,318.3,66
2025-10-07 12:55:00+05:30,318.3,318.3,318.3,318.3,0
2025-10-07 13:00:00+05:30,318.3,319.95,318.3,319.95,2
2025-10-07 13:05:00+05:30,319.95,319.95,319.95,319.95,616
2025-10-07 13:10:00+05:30,319.95,319.95,319.95,319.95,0
2025-10-07 13:15:00+05:30,319.95,319.95,318.5,319.15,224
2025-10-07 13:20:00+05:30,319.15,319.6,319.15,319.6,182
2025-10-07 13:25:00+05:30,319.6,319.6,319.2,319.2,12
2025-10-07 13:30:00+05:30,319.2,319.2,319.2,319.2,0
2025-10-07 13:35:00+05:30,319.2,319.2,319.2,319.2,0
2025-10-07 13:40:00+05:30,319.2,319.2,318.25,318.4,54
2025-10-07 13:45:00+05:30,318.4,318.6,318.4,318.6,408
2025-10-07 13:50:00+05:30,318.6,318.6,318.1,318.1,6
2025-10-07 13:55:00+05:30,318.1,318.25,318.1,318.25,8
2025-10-07 14:00:00+05:30,318.25,318.25,318.25,318.25,0
2025-10-07 14:05:00+05:30,318.25,318.25,318.15,318.15,138
2025-10-07 14:10:00+05:30,318.15,318.7,318.15,318.7,210
2025-10-07 14:15:00+05:30,318.7,319.4,318.7,318.9,48
2025-10-07 14:20:00+05:30,318.9,318.9,318.5,318.5,6
2025-10-07 14:25:00+05:30,318.5,318.5,318.4,318.4,172
2025-10-07 14:30:00+05:30,318.4,319.7,318.4,318.6,510
2025-10-07 14:35:00+05:30,318.6,319.45,318.6,319.4,238
2025-10-07 14:40:00+05:30,319.4,320.0,319.4,320.0,642
2025-10-07 14:45:00+05:30,320.0,320.0,319.0,319.0,1566
2025-10-07 14:50:00+05:30,319.0,319.0,318.35,318.5,504
2025-10-07 14:55:00+05:30,318.5,318.65,318.1,318.25,456
2025-10-07 15:00:00+05:30,318.25,318.55,318.25,318.5,22
2025-10-07 15:05:00+05:30,318.5,319.5,318.5,319.5,2838
2025-10-07 15:10:00+05:30,319.5,319.5,318.7,318.75,1534
2025-10-07 15:15:00+05:30,319.3,320.0,319.1,319.5,3728
2025-10-07 15:20:00+05:30,319.5,319.8,319.0,319.0,3314
2025-10-07 15:25:00+05:30,319.0,321.6,319.0,319.0,2256
2025-10-08 09:15:00+05:30,319.2,321.8,318.0,319.3,818
2025-10-08 09:20:00+05:30,319.3,319.9,318.7,319.9,182
2025-10-08 09:25:00+05:30,320.0,320.0,319.2,319.2,174
2025-10-08 09:30:00+05:30,319.2,321.1,319.2,321.1,324
2025-10-08 09:35:00+05:30,321.1,321.1,319.35,319.8,20
2025-10-08 09:40:00+05:30,319.8,319.8,319.4,319.5,12
2025-10-08 09:45:00+05:30,319.5,319.5,319.0,319.0,38
2025-10-08 09:50:00+05:30,319.0,319.0,318.5,319.0,16
2025-10-08 09:55:00+05:30,319.0,319.95,319.0,319.6,88
2025-10-08 10:00:00+05:30,319.6,319.6,318.85,318.9,94
2025-10-08 10:05:00+05:30,318.9,318.9,318.9,318.9,14
2025-10-08 10:10:00+05:30,318.9,318.9,317.2,317.3,782
2025-10-08 10:15:00+05:30,317.3,317.9,317.0,317.3,2140
2025-10-08 10:20:00+05:30,317.3,317.3,316.6,317.2,22
2025-10-08 10:25:00+05:30,317.2,317.7,317.2,317.45,82
2025-10-08 10:30:00+05:30,317.45,317.45,316.0,316.1,908
2025-10-08 10:35:00+05:30,316.1,316.7,316.1,316.6,8
2025-10-08 10:40:00+05:30,316.6,316.6,316.4,316.4,52
2025-10-08 10:45:00+05:30,316.4,316.4,316.35,316.35,14
2025-10-08 10:50:00+05:30,316.35,316.35,316.0,316.3,74
2025-10-08 10:55:00+05:30,316.3,316.5,316.25,316.4,1050
2025-10-08 11:00:00+05:30,316.4,316.4,316.0,316.2,1560
2025-10-08 11:05:00+05:30,316.2,316.55,316.0,316.0,38
2025-10-08 11:10:00+05:30,316.0,316.0,314.25,314.5,1558
2025-10-08 11:15:00+05:30,314.5,314.5,314.0,314.05,506
2025-10-08 11:20:00+05:30,314.05,314.05,314.05,314.05,0
2025-10-08 11:25:00+05:30,314.05,314.6,314.05,314.6,38
2025-10-08 11:30:00+05:30,314.65,314.7,314.6,314.6,694
2025-10-08 11:35:00+05:30,314.6,314.6,313.65,314.0,44
2025-10-08 11:40:00+05:30,314.0,314.0,313.3,313.3,434
2025-10-08 11:45:00+05:30,313.3,313.55,313.05,313.05,152
2025-10-08 11:50:00+05:30,313.05,315.55,313.0,315.4,1868
2025-10-08 11:55:00+05:30,315.4,315.4,315.0,315.0,18
2025-10-08 12:00:00+05:30,315.0,315.0,314.0,314.0,324
2025-10-08 12:05:00+05:30,314.0,314.5,314.0,314.5,16
2025-10-08 12:10:00+05:30,314.5,314.5,314.45,314.5,28
2025-10-08 12:15:00+05:30,314.5,314.5,314.45,314.45,6
2025-10-08 12:20:00+05:30,314.45,314.45,314.45,314.45,0
2025-10-08 12:25:00+05:30,314.45,314.55,314.45,314.55,24
2025-10-08 12:30:00+05:30,314.55,315.0,314.55,315.0,42
2025-10-08 12:35:00+05:30,315.0,315.0,315.0,315.0,20
2025-10-08 12:40:00+05:30,315.0,315.0,315.0,315.0,0
2025-10-08 12:45:00+05:30,315.0,315.0,315.0,315.0,24
2025-10-08 12:50:00+05:30,315.0,315.0,314.8,314.9,22
2025-10-08 12:55:00+05:30,314.9,314.9,314.9,314.9,2
2025-10-08 13:00:00+05:30,314.9,314.9,314.2,314.3,478
2025-10-08 13:05:00+05:30,314.3,314.8,314.3,314.8,22
2025-10-08 13:10:00+05:30,314.8,314.8,314.8,314.8,0
2025-10-08 13:15:00+05:30,314.8,315.9,314.8,315.8,414
2025-10-08 13:20:00+05:30,315.8,315.9,315.2,315.2,500
2025-10-08 13:25:00+05:30,315.2,315.6,315.2,315.6,840
2025-10-08 13:30:00+05:30,315.6,315.6,315.6,315.6,0
2025-10-08 13:35:00+05:30,315.6,315.6,315.6,315.6,0
2025-10-08 13:40:00+05:30,315.6,315.6,315.6,315.6,0
2025-10-08 13:45:00+05:30,315.6,315.6,315.6,315.6,0
2025-10-08 13:50:00+05:30,315.6,316.95,315.6,316.9,818
2025-10-08 13:55:00+05:30,316.9,316.9,316.9,316.9,0
2025-10-08 14:00:00+05:30,316.9,316.95,315.7,315.85,2006
2025-10-08 14:05:00+05:30,315.85,317.0,315.85,317.0,34
2025-10-08 14:10:00+05:30,317.0,317.0,316.1,316.1,56
2025-10-08 14:15:00+05:30,316.0,316.6,316.0,316.6,124
2025-10-08 14:20:00+05:30,316.6,316.6,316.6,316.6,0
2025-10-08 14:25:00+05:30,316.6,317.0,316.6,317.0,50
2025-10-08 14:30:00+05:30,317.0,318.4,317.0,318.0,740
2025-10-08 14:35:00+05:30,318.0,318.85,318.0,318.8,464
2025-10-08 14:40:00+05:30,318.8,319.9,318.8,319.85,1226
2025-10-08 14:45:00+05:30,319.85,319.85,319.15,319.15,58
2025-10-08 14:50:00+05:30,319.15,319.15,319.15,319.15,194
2025-10-08 14:55:00+05:30,319.15,320.0,319.15,319.7,798
2025-10-08 15:00:00+05:30,319.7,319.7,319.5,319.5,48
2025-10-08 15:05:00+05:30,319.2,319.5,318.6,319.0,1928
2025-10-08 15:10:00+05:30,319.0,319.5,318.9,319.0,538
2025-10-08 15:15:00+05:30,319.0,319.35,317.8,318.4,1110
2025-10-08 15:20:00+05:30,318.4,318.4,317.7,317.7,244
2025-10-08 15:25:00+05:30,317.7,319.35,317.7,319.35,1838
2025-10-09 09:15:00+05:30,318.0,318.0,315.35,315.35,778
2025-10-09 09:20:00+05:30,315.35,316.45,315.0,315.8,602
2025-10-09 09:25:00+05:30,315.8,317.2,315.8,316.0,728
2025-10-09 09:30:00+05:30,316.0,316.45,314.3,314.85,788
2025-10-09 09:35:00+05:30,314.85,315.5,314.5,315.5,1908
2025-10-09 09:40:00+05:30,315.5,316.15,314.0,314.0,788
2025-10-09 09:45:00+05:30,314.0,315.9,314.0,314.85,290
2025-10-09 09:50:00+05:30,314.85,314.85,314.85,314.85,0
2025-10-09 09:55:00+05:30,314.85,315.35,314.85,315.35,2
2025-10-09 10:00:00+05:30,315.35,315.4,315.0,315.0,74
2025-10-09 10:05:00+05:30,315.0,315.1,312.5,313.55,2350
2025-10-09 10:10:00+05:30,313.55,313.9,312.5,312.6,1848
2025-10-09 10:15:00+05:30,312.6,312.65,311.1,311.2,6042
2025-10-09 10:20:00+05:30,311.2,311.2,310.5,310.5,1978
2025-10-09 10:25:00+05:30,310.5,310.5,310.0,310.05,3334
2025-10-09 10:30:00+05:30,310.05,310.4,309.25,310.0,1796
2025-10-09 10:35:00+05:30,310.0,312.2,309.6,312.2,778
2025-10-09 10:40:00+05:30,312.2,312.4,311.5,311.5,178
2025-10-09 10:45:00+05:30,311.5,311.5,310.9,311.1,40
2025-10-09 10:50:00+05:30,311.1,313.4,310.9,312.7,1648
2025-10-09 10:55:00+05:30,312.7,313.2,312.7,313.2,38
2025-10-09 11:00:00+05:30,313.2,313.2,313.0,313.0,24
2025-10-09 11:05:00+05:30,312.0,312.15,312.0,312.1,606
2025-10-09 11:10:00+05:30,312.1,312.2,312.0,312.2,106
2025-10-09 11:15:00+05:30,312.2,312.2,311.5,311.5,52
2025-10-09 11:20:00+05:30,311.5,311.9,311.5,311.65,212
2025-10-09 11:25:00+05:30,311.65,311.8,311.65,311.8,2026
2025-10-09 11:30:00+05:30,311.8,311.8,311.8,311.8,4
2025-10-09 11:35:00+05:30,311.8,311.8,311.25,311.25,44
2025-10-09 11:40:00+05:30,311.25,312.95,311.25,312.45,1726
2025-10-09 11:45:00+05:30,312.45,312.45,311.9,312.3,46
2025-10-09 11:50:00+05:30,312.3,312.3,311.8,311.8,10
2025-10-09 11:55:00+05:30,311.8,311.8,311.5,311.5,126
2025-10-09 12:00:00+05:30,311.5,311.5,311.5,311.5,0
2025-10-09 12:05:00+05:30,311.5,311.8,311.5,311.8,122
2025-10-09 12:10:00+05:30,311.8,311.8,311.8,311.8,298
2025-10-09 12:15:00+05:30,311.8,312.95,311.8,312.95,788
2025-10-09 12:20:00+05:30,312.95,313.0,312.5,312.5,526
2025-10-09 12:25:00+05:30,312.5,312.5,312.5,312.5,2
2025-10-09 12:30:00+05:30,312.5,312.5,312.5,312.5,0
2025-10-09 12:35:00+05:30,312.5,312.8,312.2,312.2,52
2025-10-09 12:40:00+05:30,312.2,312.9,312.05,312.5,692
2025-10-09 12:45:00+05:30,312.5,312.5,312.5,312.5,40
2025-10-09 12:50:00+05:30,312.5,312.8,311.9,312.3,300
2025-10-09 12:55:00+05:30,312.3,312.55,312.3,312.55,4
2025-10-09 13:00:00+05:30,312.55,312.55,312.15,312.15,2
2025-10-09 13:05:00+05:30,312.15,312.55,312.15,312.2,8
2025-10-09 13:10:00+05:30,312.2,312.5,312.2,312.5,4
2025-10-09 13:15:00+05:30,312.5,312.5,312.5,312.5,10
2025-10-09 13:20:00+05:30,312.5,312.5,312.5,312.5,0
2025-10-09 13:25:00+05:30,312.5,313.4,312.5,313.4,634
2025-10-09 13:30:00+05:30,313.4,313.4,312.5,312.5,638
2025-10-09 13:35:00+05:30,312.5,312.5,312.5,312.5,170
2025-10-09 13:40:00+05:30,312.4,312.5,312.4,312.5,102
2025-10-09 13:45:00+05:30,312.5,312.5,311.8,312.0,214
2025-10-09 13:50:00+05:30,312.0,312.9,312.0,312.4,1530
2025-10-09 13:55:00+05:30,312.4,312.5,312.1,312.1,20
2025-10-09 14:00:00+05:30,312.1,314.5,312.1,314.45,5008
2025-10-09 14:05:00+05:30,314.45,317.0,314.45,316.5,5962
2025-10-09 14:10:00+05:30,316.5,319.95,316.5,318.95,5772
2025-10-09 14:15:00+05:30,318.95,318.95,316.0,317.0,816
2025-10-09 14:20:00+05:30,317.0,319.95,316.2,318.2,2420
2025-10-09 14:25:00+05:30,317.9,319.95,317.9,319.95,3166
2025-10-09 14:30:00+05:30,319.95,320.3,319.5,320.0,2846
2025-10-09 14:35:00+05:30,320.0,322.55,320.0,321.3,2436
2025-10-09 14:40:00+05:30,322.5,322.9,321.35,321.35,926
2025-10-09 14:45:00+05:30,321.35,322.65,321.35,322.5,4606
2025-10-09 14:50:00+05:30,322.5,324.5,321.4,322.1,6816
2025-10-09 14:55:00+05:30,322.1,323.0,322.1,322.5,1058
2025-10-09 15:00:00+05:30,322.5,322.7,322.0,322.5,1486
2025-10-09 15:05:00+05:30,322.5,322.9,322.5,322.9,32
2025-10-09 15:10:00+05:30,322.9,322.9,322.5,322.6,2790
2025-10-09 15:15:00+05:30,322.6,322.75,322.5,322.5,7556
2025-10-09 15:20:00+05:30,322.5,322.7,322.5,322.55,1706
2025-10-09 15:25:00+05:30,322.55,324.15,322.5,322.5,3818
2025-10-10 09:15:00+05:30,324.4,327.15,324.4,325.8,2094
2025-10-10 09:20:00+05:30,325.8,325.8,323.3,325.4,2528
2025-10-10 09:25:00+05:30,324.45,324.45,323.1,323.15,804
2025-10-10 09:30:00+05:30,323.15,327.0,323.15,327.0,1384
2025-10-10 09:35:00+05:30,327.0,329.65,326.55,328.1,8522
2025-10-10 09:40:00+05:30,328.1,328.3,326.5,327.6,1674
2025-10-10 09:45:00+05:30,327.6,327.6,325.8,326.95,1076
2025-10-10 09:50:00+05:30,326.95,326.95,325.6,325.6,50
2025-10-10 09:55:00+05:30,325.5,325.5,324.3,324.3,94
2025-10-10 10:00:00+05:30,324.3,326.3,324.3,326.3,504
2025-10-10 10:05:00+05:30,326.3,326.3,326.3,326.3,22
2025-10-10 10:10:00+05:30,326.3,326.3,325.1,325.65,1038
2025-10-10 10:15:00+05:30,325.6,326.45,324.75,325.5,9570
2025-10-10 10:20:00+05:30,325.5,326.25,324.6,325.3,14256
2025-10-10 10:25:00+05:30,325.25,326.1,324.6,324.9,1186
2025-10-10 10:30:00+05:30,324.9,325.15,324.9,325.05,18
2025-10-10 10:35:00+05:30,325.05,325.05,323.4,323.4,418
2025-10-10 10:40:00+05:30,323.4,323.4,323.0,323.0,164
2025-10-10 10:45:00+05:30,323.0,323.0,322.8,322.9,26
2025-10-10 10:50:00+05:30,322.9,323.4,322.9,323.4,178
2025-10-10 10:55:00+05:30,323.6,324.7,323.6,324.5,390
2025-10-10 11:00:00+05:30,324.5,325.4,324.3,325.25,68
2025-10-10 11:05:00+05:30,325.25,325.25,325.0,325.0,2
2025-10-10 11:10:00+05:30,325.0,325.1,324.8,324.8,28
2025-10-10 11:15:00+05:30,324.8,324.8,324.8,324.8,10
2025-10-10 11:20:00+05:30,324.8,324.8,324.8,324.8,0
2025-10-10 11:25:00+05:30,324.8,324.8,324.8,324.8,86
2025-10-10 11:30:00+05:30,324.8,325.45,324.5,324.7,972
2025-10-10 11:35:00+05:30,327.2,327.2,325.9,325.95,5656
2025-10-10 11:40:00+05:30,325.95,327.15,325.95,326.3,226
2025-10-10 11:45:00+05:30,326.3,326.3,326.3,326.3,0
2025-10-10 11:50:00+05:30,326.3,326.5,326.0,326.4,110
2025-10-10 11:55:00+05:30,326.4,326.4,326.4,326.4,0
2025-10-10 12:00:00+05:30,326.4,326.4,326.4,326.4,0
2025-10-10 12:05:00+05:30,326.4,326.4,325.8,326.1,48
2025-10-10 12:10:00+05:30,326.1,326.1,326.1,326.1,2
2025-10-10 12:15:00+05:30,326.1,326.1,325.7,325.7,18
2025-10-10 12:20:00+05:30,325.7,325.85,325.7,325.85,12
2025-10-10 12:30:00+05:30,325.9,325.9,325.9,325.9,10
2025-10-10 12:35:00+05:30,325.9,325.9,325.25,325.25,92
2025-10-10 12:40:00+05:30,325.25,325.25,325.25,325.25,0
2025-10-10 12:45:00+05:30,325.25,325.25,325.0,325.0,50
2025-10-10 12:50:00+05:30,325.0,325.0,324.45,324.45,2
2025-10-10 12:55:00+05:30,324.45,324.45,320.5,320.5,3266
2025-10-10 13:00:00+05:30,320.5,321.0,320.5,321.0,206
2025-10-10 13:05:00+05:30,321.0,321.0,314.1,316.6,12864
2025-10-10 13:10:00+05:30,316.6,316.6,313.3,315.3,3314
2025-10-10 13:15:00+05:30,315.65,316.35,315.0,315.95,578
2025-10-10 13:20:00+05:30,315.95,317.2,315.8,315.8,1036
2025-10-10 13:25:00+05:30,315.9,316.45,315.9,316.45,48
2025-10-10 13:30:00+05:30,316.45,316.6,316.45,316.6,6
2025-10-10 13:35:00+05:30,316.6,316.6,316.1,316.4,34
2025-10-10 13:40:00+05:30,316.4,316.4,316.0,316.1,200
2025-10-10 13:45:00+05:30,316.1,316.1,315.9,315.9,1304
2025-10-10 13:50:00+05:30,315.9,315.9,315.7,315.9,222
2025-10-10 13:55:00+05:30,316.1,316.1,315.85,316.05,274
2025-10-10 14:00:00+05:30,316.05,316.2,316.0,316.0,188
2025-10-10 14:05:00+05:30,316.0,316.0,315.7,315.7,122
2025-10-10 14:10:00+05:30,315.7,316.0,315.7,316.0,202
2025-10-10 14:15:00+05:30,316.0,316.1,316.0,316.1,130
2025-10-10 14:20:00+05:30,316.1,317.75,316.1,317.3,1168
2025-10-10 14:25:00+05:30,317.3,318.25,316.7,317.5,2120
2025-10-10 14:30:00+05:30,317.5,317.5,316.6,317.5,306
2025-10-10 14:35:00+05:30,317.5,317.5,316.2,316.9,766
2025-10-10 14:40:00+05:30,316.9,316.9,316.9,316.9,50
2025-10-10 14:45:00+05:30,316.9,316.9,316.9,316.9,0
2025-10-10 14:50:00+05:30,316.9,317.0,316.6,316.6,78
2025-10-10 14:55:00+05:30,316.6,317.75,316.6,317.7,908
2025-10-10 15:00:00+05:30,317.7,317.7,317.5,317.5,2
2025-10-10 15:05:00+05:30,317.5,318.35,317.5,317.5,1542
2025-10-10 15:10:00+05:30,317.5,317.6,317.25,317.5,172
2025-10-10 15:15:00+05:30,317.65,317.65,315.2,315.6,4626
2025-10-10 15:20:00+05:30,315.6,316.5,315.25,316.5,3584
2025-10-10 15:25:00+05:30,316.0,316.1,315.5,315.7,8176
2025-10-13 09:15:00+05:30,317.7,317.7,312.75,314.8,482
2025-10-13 09:20:00+05:30,315.0,316.1,315.0,315.25,2102
2025-10-13 09:25:00+05:30,315.25,315.25,314.5,315.05,502
2025-10-13 09:30:00+05:30,315.05,316.5,314.3,316.35,216
2025-10-13 09:35:00+05:30,315.9,316.9,315.9,316.6,180
2025-10-13 09:40:00+05:30,316.6,317.1,316.6,317.1,6
2025-10-13 09:45:00+05:30,316.6,317.45,316.6,317.45,286
2025-10-13 09:50:00+05:30,317.45,317.45,315.6,315.6,1028
2025-10-13 09:55:00+05:30,315.6,315.7,315.0,315.0,1034
2025-10-13 10:00:00+05:30,315.0,315.55,315.0,315.55,20
2025-10-13 10:05:00+05:30,315.55,315.55,315.0,315.0,102
2025-10-13 10:10:00+05:30,315.0,316.0,315.0,316.0,168
2025-10-13 10:15:00+05:30,316.0,316.8,316.0,316.2,78
2025-10-13 10:20:00+05:30,316.2,316.7,316.2,316.2,232
2025-10-13 10:25:00+05:30,316.2,316.2,315.5,315.5,34
2025-10-13 10:30:00+05:30,315.5,316.8,315.5,316.8,324
2025-10-13 10:35:00+05:30,316.8,316.8,315.8,316.3,362
2025-10-13 10:40:00+05:30,316.3,316.3,315.35,315.35,200
2025-10-13 10:45:00+05:30,315.35,317.0,315.35,315.5,614
2025-10-13 10:50:00+05:30,315.5,315.5,315.4,315.4,80
2025-10-13 10:55:00+05:30,315.4,316.0,315.4,315.4,308
2025-10-13 11:00:00+05:30,315.4,315.9,315.4,315.45,22
2025-10-13 11:05:00+05:30,315.45,315.85,315.45,315.7,38
2025-10-13 11:10:00+05:30,315.7,315.7,315.2,315.2,492
2025-10-13 11:15:00+05:30,315.2,315.2,314.8,314.8,264
2025-10-13 11:20:00+05:30,314.8,314.8,314.75,314.75,20
2025-10-13 11:25:00+05:30,314.75,314.8,314.75,314.8,40
2025-10-13 11:30:00+05:30,315.2,315.2,315.15,315.15,24
2025-10-13 11:35:00+05:30,315.15,315.15,315.15,315.15,0
2025-10-13 11:40:00+05:30,315.15,315.15,315.0,315.0,3100
2025-10-13 11:45:00+05:30,315.0,315.0,315.0,315.0,0
2025-10-13 11:50:00+05:30,315.0,315.0,314.9,314.9,102
2025-10-13 11:55:00+05:30,314.9,314.9,314.9,314.9,0
2025-10-13 12:00:00+05:30,314.9,314.9,314.9,314.9,0
2025-10-13 12:05:00+05:30,314.3,314.8,314.3,314.8,238
2025-10-13 12:10:00+05:30,314.8,314.8,314.8,314.8,100
2025-10-13 12:15:00+05:30,314.8,314.8,314.8,314.8,0
2025-10-13 12:20:00+05:30,314.8,314.8,314.8,314.8,0
2025-10-13 12:25:00+05:30,314.8,314.8,314.8,314.8,0
2025-10-13 12:30:00+05:30,314.8,314.8,314.8,314.8,0
2025-10-13 12:35:00+05:30,314.8,315.7,314.8,315.7,218
2025-10-13 12:40:00+05:30,315.7,315.7,315.7,315.7,0
2025-10-13 12:45:00+05:30,315.7,315.7,315.7,315.7,0
2025-10-13 12:50:00+05:30,315.7,315.7,315.7,315.7,0
2025-10-13 12:55:00+05:30,315.7,316.1,315.5,316.1,204
2025-10-13 13:00:00+05:30,316.1,316.1,316.1,316.1,0
2025-10-13 13:05:00+05:30,316.1,317.7,316.1,316.65,1056
2025-10-13 13:10:00+05:30,316.65,316.65,315.5,315.5,400
2025-10-13 13:15:00+05:30,315.5,315.9,315.5,315.9,16
2025-10-13 13:20:00+05:30,315.9,315.9,315.9,315.9,0
2025-10-13 13:25:00+05:30,315.9,315.9,315.9,315.9,0
2025-10-13 13:30:00+05:30,315.9,316.1,314.3,314.3,2166
2025-10-13 13:35:00+05:30,314.3,314.9,314.3,314.9,1064
2025-10-13 13:40:00+05:30,314.9,315.2,314.9,315.2,24
2025-10-13 13:45:00+05:30,315.2,315.2,315.2,315.2,0
2025-10-13 13:50:00+05:30,315.2,315.2,315.2,315.2,0
2025-10-13 13:55:00+05:30,315.2,315.2,314.6,314.6,260
2025-10-13 14:00:00+05:30,314.6,314.6,314.6,314.6,0
2025-10-13 14:05:00+05:30,314.6,314.6,314.6,314.6,22
2025-10-13 14:10:00+05:30,314.6,314.6,314.6,314.6,0
2025-10-13 14:15:00+05:30,314.6,314.6,314.3,314.3,1000
2025-10-13 14:20:00+05:30,314.3,314.3,314.3,314.3,60
2025-10-13 14:25:00+05:30,314.3,314.6,314.3,314.3,596
2025-10-13 14:30:00+05:30,314.3,314.85,314.3,314.3,2086
2025-10-13 14:35:00+05:30,314.3,314.3,313.5,313.5,224
2025-10-13 14:40:00+05:30,313.5,313.7,313.5,313.7,20
2025-10-13 14:45:00+05:30,313.7,313.7,313.7,313.7,0
2025-10-13 14:50:00+05:30,313.7,313.7,313.7,313.7,0
2025-10-13 14:55:00+05:30,313.7,313.7,313.7,313.7,4
2025-10-13 15:00:00+05:30,313.7,313.7,311.85,312.4,3310
2025-10-13 15:05:00+05:30,312.4,312.4,311.35,311.9,1638
2025-10-13 15:10:00+05:30,311.9,312.15,311.9,312.15,110
2025-10-13 15:15:00+05:30,312.3,312.5,310.1,311.5,3746
2025-10-13 15:20:00+05:30,311.5,311.5,310.3,311.1,1432
2025-10-13 15:25:00+05:30,311.3,311.95,311.0,311.6,1146
2025-10-14 09:15:00+05:30,317.0,317.0,312.0,314.0,3040
2025-10-14 09:20:00+05:30,314.0,316.4,314.0,314.9,508
2025-10-14 09:25:00+05:30,314.9,315.0,314.2,315.0,408
2025-10-14 09:30:00+05:30,315.0,316.2,314.2,315.6,2294
2025-10-14 09:35:00+05:30,315.6,316.45,315.6,316.4,294
2025-10-14 09:40:00+05:30,316.4,316.7,315.15,315.15,396
2025-10-14 09:45:00+05:30,315.15,315.6,314.5,315.6,458
2025-10-14 09:50:00+05:30,315.6,315.6,314.3,314.7,74
2025-10-14 09:55:00+05:30,314.7,315.1,314.4,314.6,144
2025-10-14 10:00:00+05:30,314.6,315.2,314.1,314.1,84
2025-10-14 10:05:00+05:30,314.1,314.1,313.0,313.0,434
2025-10-14 10:10:00+05:30,313.0,314.3,313.0,314.3,192
2025-10-14 10:15:00+05:30,313.9,314.8,313.85,314.2,316
2025-10-14 10:20:00+05:30,314.2,314.75,313.6,314.1,118
2025-10-14 10:25:00+05:30,314.1,314.7,314.1,314.3,62
2025-10-14 10:30:00+05:30,314.3,314.55,313.75,314.3,70
2025-10-14 10:35:00+05:30,314.3,314.55,314.2,314.2,106
2025-10-14 10:40:00+05:30,314.2,314.2,313.4,313.4,64
2025-10-14 10:45:00+05:30,313.4,313.9,313.4,313.7,122
2025-10-14 10:50:00+05:30,313.7,313.7,313.0,313.0,76
2025-10-14 10:55:00+05:30,313.0,313.0,312.5,312.5,70
2025-10-14 11:00:00+05:30,312.4,313.0,312.4,312.95,3342
2025-10-14 11:05:00+05:30,312.95,313.0,312.95,312.95,102
2025-10-14 11:10:00+05:30,312.95,312.95,312.0,312.0,428
2025-10-14 11:15:00+05:30,312.0,312.05,311.5,311.5,302
2025-10-14 11:20:00+05:30,311.5,311.7,311.5,311.7,14
2025-10-14 11:25:00+05:30,311.7,311.7,311.25,311.25,40
2025-10-14 11:30:00+05:30,311.25,311.4,310.05,311.35,1222
2025-10-14 11:35:00+05:30,311.35,311.9,311.3,311.8,884
2025-10-14 11:40:00+05:30,311.8,311.8,310.8,311.55,1586
2025-10-14 11:45:00+05:30,311.55,311.7,311.5,311.7,18
2025-10-14 11:50:00+05:30,311.7,312.0,311.4,311.4,1770
2025-10-14 11:55:00+05:30,311.4,312.0,311.4,311.55,652
2025-10-14 12:00:00+05:30,311.55,311.55,310.8,311.2,28
2025-10-14 12:05:00+05:30,311.2,311.2,310.8,310.8,12
2025-10-14 12:10:00+05:30,310.25,310.6,310.0,310.6,1906
2025-10-14 12:15:00+05:30,310.6,310.6,310.6,310.6,2
2025-10-14 12:20:00+05:30,310.6,310.6,310.3,310.3,20
2025-10-14 12:25:00+05:30,310.3,310.7,310.3,310.7,4
2025-10-14 12:30:00+05:30,310.7,310.7,310.15,310.5,196
2025-10-14 12:35:00+05:30,310.5,311.0,310.5,310.9,204
2025-10-14 12:40:00+05:30,310.9,310.9,310.2,310.2,64
2025-10-14 12:45:00+05:30,310.2,311.1,310.2,311.1,22
2025-10-14 12:50:00+05:30,311.1,311.5,311.1,311.5,374
2025-10-14 12:55:00+05:30,311.5,312.9,311.5,312.5,656
2025-10-14 13:00:00+05:30,312.5,312.5,312.4,312.4,10
2025-10-14 13:05:00+05:30,312.4,312.4,312.4,312.4,6
2025-10-14 13:10:00+05:30,312.4,312.4,310.65,310.65,1240
2025-10-14 13:15:00+05:30,310.65,310.65,310.65,310.65,0
2025-10-14 13:20:00+05:30,310.65,310.65,310.65,310.65,0
2025-10-14 13:25:00+05:30,310.65,311.9,310.65,311.9,60
2025-10-14 13:30:00+05:30,311.9,311.9,311.9,311.9,0
2025-10-14 13:35:00+05:30,311.9,311.9,311.5,311.5,30
2025-10-14 13:40:00+05:30,311.5,311.5,311.5,311.5,0
2025-10-14 13:45:00+05:30,311.5,311.8,311.5,311.8,10
2025-10-14 13:50:00+05:30,311.8,311.8,311.5,311.5,6
2025-10-14 13:55:00+05:30,311.5,311.7,311.5,311.7,86
2025-10-14 14:00:00+05:30,311.7,311.7,310.6,310.6,346
2025-10-14 14:05:00+05:30,310.6,310.6,310.6,310.6,8
2025-10-14 14:10:00+05:30,310.6,310.65,310.6,310.65,6
2025-10-14 14:15:00+05:30,310.65,310.8,310.65,310.8,20
2025-10-14 14:20:00+05:30,310.8,310.8,310.8,310.8,0
2025-10-14 14:25:00+05:30,310.8,311.7,310.8,311.7,622
2025-10-14 14:30:00+05:30,311.7,312.15,311.7,312.15,78
2025-10-14 14:35:00+05:30,312.15,312.4,311.8,312.1,98
2025-10-14 14:40:00+05:30,312.1,312.1,311.6,311.6,26
2025-10-14 14:45:00+05:30,311.6,311.6,307.9,307.9,9972
2025-10-14 14:50:00+05:30,307.9,309.15,307.9,309.15,80
2025-10-14 14:55:00+05:30,309.15,309.3,308.0,308.0,504
2025-10-14 15:00:00+05:30,308.0,309.1,308.0,309.0,48
2025-10-14 15:05:00+05:30,309.0,309.45,309.0,309.1,1036
2025-10-14 15:10:00+05:30,309.1,309.1,308.75,309.0,1660
2025-10-14 15:15:00+05:30,308.75,309.4,308.0,309.4,8462
2025-10-14 15:20:00+05:30,309.4,310.25,308.6,310.0,756
2025-10-14 15:25:00+05:30,310.0,310.0,308.0,309.2,1902
2025-10-15 09:15:00+05:30,308.55,314.5,308.55,312.1,1082
2025-10-15 09:20:00+05:30,312.1,312.1,310.05,311.3,412
2025-10-15 09:25:00+05:30,311.3,311.4,310.3,310.3,240
2025-10-15 09:30:00+05:30,310.3,310.4,309.9,309.9,40
2025-10-15 09:35:00+05:30,309.9,310.95,309.9,310.1,2006
2025-10-15 09:40:00+05:30,310.1,311.6,310.1,311.6,70
2025-10-15 09:45:00+05:30,311.6,312.1,311.6,312.1,42
2025-10-15 09:50:00+05:30,312.1,312.85,312.1,312.3,574
2025-10-15 09:55:00+05:30,312.3,312.3,311.05,311.05,230
2025-10-15 10:00:00+05:30,311.05,312.0,311.05,311.5,64
2025-10-15 10:05:00+05:30,311.5,312.5,311.5,312.3,1286
2025-10-15 10:10:00+05:30,312.3,312.5,312.1,312.1,422
2025-10-15 10:15:00+05:30,312.1,312.1,311.8,312.0,80
2025-10-15 10:20:00+05:30,312.0,312.0,311.9,311.95,2
2025-10-15 10:25:00+05:30,311.95,311.95,311.4,311.4,150
2025-10-15 10:30:00+05:30,311.4,311.8,311.2,311.8,88
2025-10-15 10:35:00+05:30,311.8,311.8,310.8,310.8,616
2025-10-15 10:40:00+05:30,310.8,311.5,310.8,311.35,86
2025-10-15 10:45:00+05:30,311.35,311.35,311.35,311.35,0
2025-10-15 10:50:00+05:30,311.4,311.4,311.35,311.35,34
2025-10-15 10:55:00+05:30,311.35,311.4,311.35,311.4,126
2025-10-15 11:00:00+05:30,311.4,311.6,310.3,311.45,2510
2025-10-15 11:05:00+05:30,311.45,311.45,310.3,311.3,670
2025-10-15 11:10:00+05:30,311.3,311.3,310.55,310.9,6
2025-10-15 11:15:00+05:30,310.9,310.9,310.9,310.9,0
2025-10-15 11:20:00+05:30,310.9,310.95,310.9,310.95,16
2025-10-15 11:25:00+05:30,310.95,310.95,310.95,310.95,0
2025-10-15 11:30:00+05:30,310.95,311.5,310.95,311.5,80
2025-10-15 11:35:00+05:30,311.5,311.5,311.5,311.5,0
2025-10-15 11:40:00+05:30,311.5,311.5,311.5,311.5,16
2025-10-15 11:45:00+05:30,311.5,311.5,311.1,311.1,8
2025-10-15 11:50:00+05:30,311.1,311.4,310.4,310.4,1286
2025-10-15 11:55:00+05:30,310.4,310.4,309.0,309.0,2240
2025-10-15 12:00:00+05:30,309.0,309.8,309.0,309.8,8
2025-10-15 12:05:00+05:30,309.8,309.8,309.8,309.8,0
2025-10-15 12:10:00+05:30,309.8,309.8,309.8,309.8,0
2025-10-15 12:15:00+05:30,309.8,310.0,309.5,310.0,348
2025-10-15 12:20:00+05:30,310.0,310.0,310.0,310.0,0
2025-10-15 12:25:00+05:30,310.45,310.45,310.45,310.45,6
2025-10-15 12:30:00+05:30,310.45,310.45,310.4,310.4,40
2025-10-15 12:35:00+05:30,310.4,310.5,310.4,310.5,20
2025-10-15 12:40:00+05:30,310.5,310.5,310.5,310.5,42
2025-10-15 12:45:00+05:30,310.5,310.5,309.9,310.0,68
2025-10-15 12:50:00+05:30,310.0,310.0,310.0,310.0,2
2025-10-15 12:55:00+05:30,310.0,310.0,310.0,310.0,0
2025-10-15 13:00:00+05:30,310.0,310.0,310.0,310.0,0
2025-10-15 13:05:00+05:30,310.0,310.0,310.0,310.0,0
2025-10-15 13:10:00+05:30,310.0,310.0,307.05,307.05,2924
2025-10-15 13:15:00+05:30,307.05,308.25,306.3,306.3,2048
2025-10-15 13:20:00+05:30,306.3,308.0,306.3,308.0,46
2025-10-15 13:25:00+05:30,308.0,308.4,308.0,308.4,442
2025-10-15 13:30:00+05:30,308.4,308.4,308.4,308.4,0
2025-10-15 13:35:00+05:30,308.4,309.2,308.4,309.2,34
2025-10-15 13:40:00+05:30,309.2,309.25,309.05,309.1,68
2025-10-15 13:45:00+05:30,309.05,309.05,308.9,308.9,1716
2025-10-15 13:50:00+05:30,308.9,309.25,308.9,309.25,1236
2025-10-15 13:55:00+05:30,309.25,309.25,309.25,309.25,100
2025-10-15 14:00:00+05:30,309.45,309.45,309.25,309.25,12
2025-10-15 14:05:00+05:30,309.25,309.4,309.25,309.4,2
2025-10-15 14:10:00+05:30,309.4,309.4,309.4,309.4,0
2025-10-15 14:15:00+05:30,309.4,309.4,309.25,309.25,220
2025-10-15 14:20:00+05:30,309.25,309.25,309.0,309.0,44
2025-10-15 14:25:00+05:30,309.0,309.2,308.55,309.2,322
2025-10-15 14:30:00+05:30,309.2,309.25,308.9,309.0,734
2025-10-15 14:35:00+05:30,309.0,309.0,307.8,307.8,416
2025-10-15 14:40:00+05:30,308.55,308.9,307.9,308.9,220
2025-10-15 14:45:00+05:30,308.9,309.0,308.6,308.6,48
2025-10-15 14:50:00+05:30,308.6,308.8,308.4,308.7,64
2025-10-15 14:55:00+05:30,308.7,308.7,308.0,308.7,1054
2025-10-15 15:00:00+05:30,308.7,308.7,308.7,308.7,26
2025-10-15 15:05:00+05:30,308.7,308.9,308.7,308.7,36
2025-10-15 15:10:00+05:30,308.7,308.7,308.4,308.7,1550
2025-10-15 15:15:00+05:30,308.7,308.9,308.7,308.9,1342
2025-10-15 15:20:00+05:30,308.9,310.0,308.9,308.9,108
2025-10-15 15:25:00+05:30,308.9,310.5,308.25,308.5,1792
