timestamp,open,high,low,close,volume
2025-09-18 09:15:00+05:30,220.0,220.99,219.11,220.1,96181
2025-09-18 09:20:00+05:30,219.99,220.61,219.43,220.61,76365
2025-09-18 09:25:00+05:30,220.42,220.59,219.2,219.26,42120
2025-09-18 09:30:00+05:30,219.26,219.47,218.64,219.47,29022
2025-09-18 09:35:00+05:30,219.47,219.47,218.56,218.56,31438
2025-09-18 09:40:00+05:30,218.56,219.39,218.56,219.07,16551
2025-09-18 09:45:00+05:30,219.07,219.07,218.52,218.77,20209
2025-09-18 09:50:00+05:30,218.77,218.94,218.73,218.75,9903
2025-09-18 09:55:00+05:30,218.75,218.89,218.55,218.76,14090
2025-09-18 10:00:00+05:30,218.76,219.1,218.67,218.85,5942
2025-09-18 10:05:00+05:30,218.85,219.12,218.85,219.09,15312
2025-09-18 10:10:00+05:30,219.0,219.09,218.65,218.65,19285
2025-09-18 10:15:00+05:30,218.65,218.65,218.45,218.49,11100
2025-09-18 10:20:00+05:30,218.49,218.49,218.02,218.33,14997
2025-09-18 10:25:00+05:30,218.34,218.5,218.2,218.5,3948
2025-09-18 10:30:00+05:30,218.5,218.57,218.28,218.56,4009
2025-09-18 10:35:00+05:30,218.56,218.56,218.28,218.28,1997
2025-09-18 10:40:00+05:30,218.28,218.62,218.06,218.5,10791
2025-09-18 10:45:00+05:30,218.5,218.63,218.3,218.4,3604
2025-09-18 10:50:00+05:30,218.4,219.52,218.4,219.52,23165
2025-09-18 10:55:00+05:30,219.52,219.65,218.51,218.7,24548
2025-09-18 11:00:00+05:30,218.7,219.03,218.5,218.5,10436
2025-09-18 11:05:00+05:30,218.5,218.56,218.13,218.33,3917
2025-09-18 11:10:00+05:30,218.33,219.1,218.33,219.1,9287
2025-09-18 11:15:00+05:30,219.1,219.1,218.72,218.93,8250
2025-09-18 11:20:00+05:30,218.93,219.08,218.73,219.01,6020
2025-09-18 11:25:00+05:30,219.01,219.79,218.95,219.46,23583
2025-09-18 11:30:00+05:30,219.45,219.85,219.32,219.8,20707
2025-09-18 11:35:00+05:30,219.8,220.56,219.75,220.1,62092
2025-09-18 11:40:00+05:30,220.1,220.69,219.81,219.81,81615
2025-09-18 11:45:00+05:30,219.6,219.8,218.9,218.94,13763
2025-09-18 11:50:00+05:30,218.94,219.2,218.87,218.87,5300
2025-09-18 11:55:00+05:30,218.87,219.16,218.86,218.91,5731
2025-09-18 12:00:00+05:30,218.91,219.11,218.82,218.99,3938
2025-09-18 12:05:00+05:30,218.99,219.4,218.75,219.21,12016
2025-09-18 12:10:00+05:30,219.33,219.74,219.22,219.71,14778
2025-09-18 12:15:00+05:30,219.6,219.79,219.31,219.37,7091
2025-09-18 12:20:00+05:30,219.37,219.37,219.02,219.25,4380
2025-09-18 12:25:00+05:30,219.25,219.34,219.03,219.17,3106
2025-09-18 12:30:00+05:30,219.17,219.17,218.6,218.7,9364
2025-09-18 12:35:00+05:30,218.7,218.89,218.5,218.69,11751
2025-09-18 12:40:00+05:30,218.69,218.69,218.1,218.24,10145
2025-09-18 12:45:00+05:30,218.24,218.5,218.2,218.2,3558
2025-09-18 12:50:00+05:30,218.2,218.31,218.19,218.22,5087
2025-09-18 12:55:00+05:30,218.25,218.32,218.12,218.15,2805
2025-09-18 13:00:00+05:30,218.15,218.15,217.58,217.7,20735
2025-09-18 13:05:00+05:30,217.7,217.99,217.51,217.81,31678
2025-09-18 13:10:00+05:30,217.81,217.87,217.62,217.64,2713
2025-09-18 13:15:00+05:30,217.63,217.83,217.28,217.7,13193
2025-09-18 13:20:00+05:30,217.7,217.94,217.7,217.84,1616
2025-09-18 13:25:00+05:30,217.72,217.82,217.7,217.8,2053
2025-09-18 13:30:00+05:30,217.8,217.88,217.7,217.88,2174
2025-09-18 13:35:00+05:30,217.88,217.9,217.83,217.83,1648
2025-09-18 13:40:00+05:30,217.83,217.94,217.65,217.65,3142
2025-09-18 13:45:00+05:30,217.65,217.82,217.5,217.7,7162
2025-09-18 13:50:00+05:30,217.8,217.8,217.5,217.5,6852
2025-09-18 13:55:00+05:30,217.5,217.88,217.49,217.88,14164
2025-09-18 14:00:00+05:30,217.88,218.39,217.88,218.21,9851
2025-09-18 14:05:00+05:30,218.21,218.21,218.0,218.03,6085
2025-09-18 14:10:00+05:30,218.03,218.43,218.02,218.2,7425
2025-09-18 14:15:00+05:30,218.2,218.36,218.1,218.2,3086
2025-09-18 14:20:00+05:30,218.2,218.5,218.08,218.4,8259
2025-09-18 14:25:00+05:30,218.4,218.4,217.85,218.03,9511
2025-09-18 14:30:00+05:30,218.19,218.3,218.02,218.02,6905
2025-09-18 14:35:00+05:30,218.02,218.14,217.9,217.9,3159
2025-09-18 14:40:00+05:30,217.9,218.25,217.8,217.93,15308
2025-09-18 14:45:00+05:30,217.93,218.15,217.78,217.78,3426
2025-09-18 14:50:00+05:30,217.66,218.13,217.65,218.07,12077
2025-09-18 14:55:00+05:30,218.07,218.23,218.07,218.23,4603
2025-09-18 15:00:00+05:30,218.22,218.7,217.96,218.5,35145
2025-09-18 15:05:00+05:30,218.42,219.18,218.34,219.18,37686
2025-09-18 15:10:00+05:30,218.85,219.42,218.68,219.1,45825
2025-09-18 15:15:00+05:30,219.14,219.48,218.13,218.47,72189
2025-09-18 15:20:00+05:30,218.54,218.8,217.51,218.79,70606
2025-09-18 15:25:00+05:30,218.79,218.88,218.5,218.6,43697
2025-09-19 09:15:00+05:30,219.41,219.41,218.01,218.98,67507
2025-09-19 09:20:00+05:30,218.98,219.82,218.81,219.15,51426
2025-09-19 09:25:00+05:30,219.15,220.4,219.01,220.1,72490
2025-09-19 09:30:00+05:30,219.99,220.95,219.39,220.1,86054
2025-09-19 09:35:00+05:30,220.09,220.78,219.95,220.1,32089
2025-09-19 09:40:00+05:30,220.1,220.25,219.53,219.95,22069
2025-09-19 09:45:00+05:30,220.06,220.06,219.4,219.66,5910
2025-09-19 09:50:00+05:30,219.65,219.99,219.65,219.8,6530
2025-09-19 09:55:00+05:30,219.8,219.8,219.5,219.5,12200
2025-09-19 10:00:00+05:30,219.52,219.9,219.22,219.73,18522
2025-09-19 10:05:00+05:30,219.73,220.46,219.73,219.99,18532
2025-09-19 10:10:00+05:30,219.99,220.06,219.75,220.05,6567
2025-09-19 10:15:00+05:30,220.05,220.28,219.85,219.97,12971
2025-09-19 10:20:00+05:30,220.0,220.07,219.9,219.91,3602
2025-09-19 10:25:00+05:30,219.91,220.3,219.91,220.13,7435
2025-09-19 10:30:00+05:30,220.13,220.36,220.0,220.17,13826
2025-09-19 10:35:00+05:30,220.17,220.17,219.83,219.9,11338
2025-09-19 10:40:00+05:30,219.9,220.0,219.75,219.77,11821
2025-09-19 10:45:00+05:30,219.77,219.97,219.75,219.76,3768
2025-09-19 10:50:00+05:30,219.76,219.8,219.42,219.52,11711
2025-09-19 10:55:00+05:30,219.59,219.59,219.36,219.46,2150
2025-09-19 11:00:00+05:30,219.46,219.46,219.32,219.33,6282
2025-09-19 11:05:00+05:30,219.33,219.65,219.32,219.52,6906
2025-09-19 11:10:00+05:30,219.52,219.58,218.71,218.95,42958
2025-09-19 11:15:00+05:30,218.86,219.03,218.65,218.65,13283
2025-09-19 11:20:00+05:30,218.66,218.82,218.59,218.67,8459
2025-09-19 11:25:00+05:30,218.67,218.94,218.67,218.86,8689
2025-09-19 11:30:00+05:30,218.98,219.0,218.86,219.0,11141
2025-09-19 11:35:00+05:30,219.0,219.0,218.75,218.75,5184
2025-09-19 11:40:00+05:30,218.75,218.86,218.75,218.84,1521
2025-09-19 11:45:00+05:30,218.84,218.96,218.51,218.51,3861
2025-09-19 11:50:00+05:30,218.51,218.61,218.36,218.36,6386
2025-09-19 11:55:00+05:30,218.36,218.5,218.3,218.4,1779
2025-09-19 12:00:00+05:30,218.4,218.5,218.0,218.06,17223
2025-09-19 12:05:00+05:30,218.01,218.34,218.01,218.14,2329
2025-09-19 12:10:00+05:30,218.14,218.9,218.14,218.84,21866
2025-09-19 12:15:00+05:30,218.84,218.9,218.3,218.3,6092
2025-09-19 12:20:00+05:30,218.3,218.47,218.3,218.44,961
2025-09-19 12:25:00+05:30,218.44,218.49,218.25,218.25,3406
2025-09-19 12:30:00+05:30,218.25,218.43,218.04,218.28,7505
2025-09-19 12:35:00+05:30,218.28,218.28,218.1,218.25,8181
2025-09-19 12:40:00+05:30,218.25,218.26,218.1,218.26,1040
2025-09-19 12:45:00+05:30,218.26,218.34,218.05,218.1,5456
2025-09-19 12:50:00+05:30,218.1,218.1,217.62,218.01,14641
2025-09-19 12:55:00+05:30,218.01,218.13,217.91,218.11,2709
2025-09-19 13:00:00+05:30,218.11,218.18,217.95,218.18,2527
2025-09-19 13:05:00+05:30,218.18,218.37,218.01,218.3,3577
2025-09-19 13:10:00+05:30,218.3,218.4,218.18,218.4,1011
2025-09-19 13:15:00+05:30,218.4,218.4,218.21,218.3,1592
2025-09-19 13:20:00+05:30,218.3,218.3,218.08,218.08,3393
2025-09-19 13:25:00+05:30,218.08,218.3,218.08,218.3,2982
2025-09-19 13:30:00+05:30,218.3,218.3,218.08,218.26,1301
2025-09-19 13:35:00+05:30,218.26,218.4,218.0,218.19,4571
2025-09-19 13:40:00+05:30,218.24,218.54,218.0,218.54,8345
2025-09-19 13:45:00+05:30,218.54,218.6,218.33,218.39,3822
2025-09-19 13:50:00+05:30,218.39,218.39,218.2,218.24,1279
2025-09-19 13:55:00+05:30,218.24,218.4,218.0,218.0,4763
2025-09-19 14:00:00+05:30,218.0,218.26,218.0,218.2,4841
2025-09-19 14:05:00+05:30,218.1,218.21,218.1,218.1,4145
2025-09-19 14:10:00+05:30,218.1,218.46,218.1,218.4,5818
2025-09-19 14:15:00+05:30,218.21,218.4,218.1,218.19,6034
2025-09-19 14:20:00+05:30,218.19,218.29,218.0,218.19,7070
2025-09-19 14:25:00+05:30,218.19,218.3,218.02,218.03,3436
2025-09-19 14:30:00+05:30,218.03,218.51,218.03,218.51,10438
2025-09-19 14:35:00+05:30,218.51,218.75,218.51,218.74,10796
2025-09-19 14:40:00+05:30,218.7,218.91,218.67,218.78,9478
2025-09-19 14:45:00+05:30,218.78,218.79,218.37,218.5,3451
2025-09-19 14:50:00+05:30,218.5,218.68,218.4,218.66,6423
2025-09-19 14:55:00+05:30,218.66,219.26,218.4,219.05,25389
2025-09-19 15:00:00+05:30,218.95,219.65,218.95,219.44,35795
2025-09-19 15:05:00+05:30,219.44,219.97,219.31,219.72,37069
2025-09-19 15:10:00+05:30,219.72,219.78,219.5,219.59,33763
2025-09-19 15:15:00+05:30,219.59,219.78,219.51,219.78,43330
2025-09-19 15:20:00+05:30,219.78,219.78,219.28,219.5,56461
2025-09-19 15:25:00+05:30,219.5,219.79,219.47,219.58,42377
2025-09-22 09:15:00+05:30,224.5,231.23,224.46,230.76,1954889
2025-09-22 09:20:00+05:30,230.61,237.4,230.3,236.41,2352000
2025-09-22 09:25:00+05:30,236.35,236.9,232.71,234.35,1517642
2025-09-22 09:30:00+05:30,234.23,236.0,233.12,233.45,1166510
2025-09-22 09:35:00+05:30,233.3,233.75,232.0,232.04,792502
2025-09-22 09:40:00+05:30,232.08,232.47,231.0,231.0,642388
2025-09-22 09:45:00+05:30,231.13,233.39,231.0,232.8,479509
2025-09-22 09:50:00+05:30,232.71,232.8,231.23,232.04,321116
2025-09-22 09:55:00+05:30,232.05,232.5,231.65,232.0,196854
2025-09-22 10:00:00+05:30,231.95,232.0,231.2,231.98,258978
2025-09-22 10:05:00+05:30,231.88,232.0,231.35,231.84,225105
2025-09-22 10:10:00+05:30,231.81,231.95,231.0,231.38,335599
2025-09-22 10:15:00+05:30,231.41,231.5,230.63,231.35,315873
2025-09-22 10:20:00+05:30,231.35,231.45,230.27,230.94,283879
2025-09-22 10:25:00+05:30,230.96,231.23,229.53,229.58,355557
2025-09-22 10:30:00+05:30,229.66,230.16,229.24,229.44,354625
2025-09-22 10:35:00+05:30,229.44,230.75,229.4,230.4,212304
2025-09-22 10:40:00+05:30,230.46,231.57,230.43,230.75,241188
2025-09-22 10:45:00+05:30,230.75,232.0,230.64,231.24,346357
2025-09-22 10:50:00+05:30,231.11,231.23,230.58,231.0,150961
2025-09-22 10:55:00+05:30,231.0,231.2,230.55,230.55,122218
2025-09-22 11:00:00+05:30,230.55,230.87,230.24,230.32,95459
2025-09-22 11:05:00+05:30,230.3,230.5,230.01,230.28,85140
2025-09-22 11:10:00+05:30,230.16,230.77,230.01,230.33,128425
2025-09-22 11:15:00+05:30,230.22,230.46,229.85,229.85,42553
2025-09-22 11:20:00+05:30,229.85,230.47,229.7,230.36,145835
2025-09-22 11:25:00+05:30,230.4,230.7,230.05,230.3,52207
2025-09-22 11:30:00+05:30,230.3,230.56,230.1,230.13,57742
2025-09-22 11:35:00+05:30,230.13,230.2,229.57,229.84,125885
2025-09-22 11:40:00+05:30,229.96,230.4,229.7,230.25,72879
2025-09-22 11:45:00+05:30,230.3,230.6,230.21,230.37,34536
2025-09-22 11:50:00+05:30,230.37,230.59,230.2,230.49,64589
2025-09-22 11:55:00+05:30,230.48,231.4,230.48,231.25,144968
2025-09-22 12:00:00+05:30,231.2,231.4,230.3,230.3,122078
2025-09-22 12:05:00+05:30,230.58,230.66,230.38,230.41,37944
2025-09-22 12:10:00+05:30,230.41,230.56,229.72,230.06,87113
2025-09-22 12:15:00+05:30,230.06,231.26,230.05,231.11,130540
2025-09-22 12:20:00+05:30,231.11,232.85,231.11,232.55,191145
2025-09-22 12:25:00+05:30,232.55,232.9,231.08,231.32,96571
2025-09-22 12:30:00+05:30,231.32,231.39,230.76,230.76,74134
2025-09-22 12:35:00+05:30,230.7,231.24,230.6,231.12,45664
2025-09-22 12:40:00+05:30,231.12,231.29,231.0,231.24,37336
2025-09-22 12:45:00+05:30,231.24,231.25,230.76,230.84,52622
2025-09-22 12:50:00+05:30,230.84,230.98,230.4,230.78,70242
2025-09-22 12:55:00+05:30,230.78,230.93,230.1,230.28,72787
2025-09-22 13:00:00+05:30,230.4,230.76,230.36,230.36,27996
2025-09-22 13:05:00+05:30,230.36,230.5,230.2,230.3,20283
2025-09-22 13:10:00+05:30,230.3,230.3,230.01,230.15,51421
2025-09-22 13:15:00+05:30,230.22,230.4,230.03,230.33,26914
2025-09-22 13:20:00+05:30,230.4,230.53,230.16,230.37,32879
2025-09-22 13:25:00+05:30,230.38,230.47,230.05,230.05,32860
2025-09-22 13:30:00+05:30,230.18,230.5,230.02,230.33,27899
2025-09-22 13:35:00+05:30,230.33,230.5,230.16,230.24,23922
2025-09-22 13:40:00+05:30,230.24,230.29,230.01,230.13,38394
2025-09-22 13:45:00+05:30,230.13,230.25,229.61,229.89,87818
2025-09-22 13:50:00+05:30,229.78,229.89,229.5,229.59,75908
2025-09-22 13:55:00+05:30,229.7,229.7,229.0,229.2,200312
2025-09-22 14:00:00+05:30,229.2,229.36,228.94,228.99,56746
2025-09-22 14:05:00+05:30,229.0,229.35,228.94,229.21,74039
2025-09-22 14:10:00+05:30,229.3,229.52,229.21,229.41,34034
2025-09-22 14:15:00+05:30,229.45,229.52,229.0,229.0,60189
2025-09-22 14:20:00+05:30,228.97,229.46,228.94,229.29,49465
2025-09-22 14:25:00+05:30,229.29,229.48,228.94,229.0,71783
2025-09-22 14:30:00+05:30,229.0,229.42,228.94,229.2,112883
2025-09-22 14:35:00+05:30,229.2,229.26,228.94,229.0,38446
2025-09-22 14:40:00+05:30,228.95,229.09,227.71,227.96,267301
2025-09-22 14:45:00+05:30,227.94,228.36,227.5,228.09,137089
2025-09-22 14:50:00+05:30,228.03,229.12,227.7,228.87,137156
2025-09-22 14:55:00+05:30,228.96,229.0,228.15,228.57,93159
2025-09-22 15:00:00+05:30,228.39,228.65,227.39,228.09,140987
2025-09-22 15:05:00+05:30,228.08,228.43,227.08,227.6,182691
2025-09-22 15:10:00+05:30,227.6,227.87,227.22,227.73,148016
2025-09-22 15:15:00+05:30,227.66,227.88,225.34,225.84,450994
2025-09-22 15:20:00+05:30,225.8,226.28,225.05,225.6,304067
2025-09-22 15:25:00+05:30,225.6,225.7,225.0,225.35,196262
2025-09-23 09:15:00+05:30,226.54,227.41,222.91,223.9,464002
2025-09-23 09:20:00+05:30,224.06,224.06,222.4,222.52,164660
2025-09-23 09:25:00+05:30,222.52,223.54,222.2,222.49,134267
2025-09-23 09:30:00+05:30,222.3,222.63,221.9,221.9,111141
2025-09-23 09:35:00+05:30,222.25,223.95,222.11,223.65,109412
2025-09-23 09:40:00+05:30,223.65,223.65,222.9,223.13,38872
2025-09-23 09:45:00+05:30,223.04,223.21,222.45,222.83,45032
2025-09-23 09:50:00+05:30,222.8,223.16,222.25,222.92,41820
2025-09-23 09:55:00+05:30,222.94,222.94,222.24,222.37,45261
2025-09-23 10:00:00+05:30,222.39,223.37,222.21,223.25,37527
2025-09-23 10:05:00+05:30,223.32,223.32,222.91,223.32,20228
2025-09-23 10:10:00+05:30,223.35,223.9,223.32,223.8,38582
2025-09-23 10:15:00+05:30,223.62,223.89,223.2,223.49,21297
2025-09-23 10:20:00+05:30,223.49,223.49,223.0,223.22,9520
2025-09-23 10:25:00+05:30,223.01,223.18,221.94,222.35,150388
2025-09-23 10:30:00+05:30,222.35,222.6,222.0,222.1,20830
2025-09-23 10:35:00+05:30,222.1,222.34,221.65,222.29,33075
2025-09-23 10:40:00+05:30,222.29,222.3,221.9,222.11,19183
2025-09-23 10:45:00+05:30,222.11,222.11,221.54,221.75,30253
2025-09-23 10:50:00+05:30,221.75,221.79,221.6,221.6,6126
2025-09-23 10:55:00+05:30,221.59,221.65,221.2,221.61,37869
2025-09-23 11:00:00+05:30,221.61,221.64,221.35,221.63,41131
2025-09-23 11:05:00+05:30,221.63,221.72,221.25,221.36,17428
2025-09-23 11:10:00+05:30,221.36,221.43,221.01,221.21,24110
2025-09-23 11:15:00+05:30,221.03,221.45,221.01,221.2,13841
2025-09-23 11:20:00+05:30,221.2,221.48,221.0,221.45,22171
2025-09-23 11:25:00+05:30,221.45,221.45,221.0,221.0,16302
2025-09-23 11:30:00+05:30,221.13,221.24,220.91,220.99,27935
2025-09-23 11:35:00+05:30,220.91,221.04,220.9,220.9,21755
2025-09-23 11:40:00+05:30,220.9,221.47,220.81,221.27,18473
2025-09-23 11:45:00+05:30,221.27,221.48,221.22,221.38,5760
2025-09-23 11:50:00+05:30,221.38,221.83,221.26,221.67,18808
2025-09-23 11:55:00+05:30,221.67,221.88,221.5,221.61,9516
2025-09-23 12:00:00+05:30,221.61,221.75,221.55,221.64,7383
2025-09-23 12:05:00+05:30,221.64,221.65,221.35,221.42,6542
2025-09-23 12:10:00+05:30,221.42,221.59,221.3,221.59,5616
2025-09-23 12:15:00+05:30,221.5,221.74,221.5,221.57,12373
2025-09-23 12:20:00+05:30,221.57,221.8,221.55,221.76,3410
2025-09-23 12:25:00+05:30,221.66,222.34,221.66,222.3,16917
2025-09-23 12:30:00+05:30,222.3,222.34,222.13,222.34,13508
2025-09-23 12:35:00+05:30,222.34,222.6,222.22,222.22,14464
2025-09-23 12:40:00+05:30,222.22,222.49,222.17,222.2,9255
2025-09-23 12:45:00+05:30,222.2,222.2,221.9,222.01,3115
2025-09-23 12:50:00+05:30,222.01,222.05,221.8,221.85,2369
2025-09-23 12:55:00+05:30,221.85,223.93,221.85,223.67,237702
2025-09-23 13:00:00+05:30,223.67,223.82,223.06,223.29,24524
2025-09-23 13:05:00+05:30,223.23,223.5,222.6,222.7,47663
2025-09-23 13:10:00+05:30,222.7,222.92,222.7,222.79,6492
2025-09-23 13:15:00+05:30,222.79,222.8,222.46,222.65,5462
2025-09-23 13:20:00+05:30,222.65,222.68,222.21,222.4,10476
2025-09-23 13:25:00+05:30,222.4,222.73,222.32,222.73,4408
2025-09-23 13:30:00+05:30,222.73,222.8,222.51,222.56,9458
2025-09-23 13:35:00+05:30,222.56,222.71,222.5,222.68,8405
2025-09-23 13:40:00+05:30,222.68,223.24,222.68,222.8,17749
2025-09-23 13:45:00+05:30,222.8,222.98,222.7,222.9,8970
2025-09-23 13:50:00+05:30,222.9,222.99,222.67,222.68,5818
2025-09-23 13:55:00+05:30,222.68,222.9,222.54,222.7,9601
2025-09-23 14:00:00+05:30,222.7,222.87,222.6,222.8,4878
2025-09-23 14:05:00+05:30,222.8,223.2,222.7,223.11,9586
2025-09-23 14:10:00+05:30,223.11,223.2,222.88,222.98,10621
2025-09-23 14:15:00+05:30,222.95,223.37,222.84,223.37,21704
2025-09-23 14:20:00+05:30,223.37,223.7,223.0,223.6,19930
2025-09-23 14:25:00+05:30,223.53,223.69,223.35,223.68,13020
2025-09-23 14:30:00+05:30,223.69,223.7,223.51,223.63,14843
2025-09-23 14:35:00+05:30,223.63,223.65,223.03,223.07,30939
2025-09-23 14:40:00+05:30,223.07,223.55,223.0,223.55,20651
2025-09-23 14:45:00+05:30,223.55,223.55,223.06,223.11,14013
2025-09-23 14:50:00+05:30,223.2,223.31,223.0,223.31,20483
2025-09-23 14:55:00+05:30,223.31,223.58,223.21,223.55,12283
2025-09-23 15:00:00+05:30,223.46,223.56,223.01,223.15,56904
2025-09-23 15:05:00+05:30,223.16,223.49,223.0,223.38,92879
2025-09-23 15:10:00+05:30,223.44,223.51,222.74,222.9,71337
2025-09-23 15:15:00+05:30,222.91,223.81,222.85,223.6,132216
2025-09-23 15:20:00+05:30,223.6,223.88,223.36,223.82,50801
2025-09-23 15:25:00+05:30,223.89,224.0,223.62,223.66,58988
2025-09-24 09:15:00+05:30,227.0,232.0,227.0,230.01,1392835
2025-09-24 09:20:00+05:30,229.96,233.99,229.52,232.66,1732773
2025-09-24 09:25:00+05:30,232.77,232.96,230.75,231.75,807418
2025-09-24 09:30:00+05:30,231.75,233.98,231.11,233.67,1138001
2025-09-24 09:35:00+05:30,233.74,233.75,232.1,232.58,477932
2025-09-24 09:40:00+05:30,232.46,232.55,230.49,231.1,577732
2025-09-24 09:45:00+05:30,231.1,231.33,229.95,230.86,428146
2025-09-24 09:50:00+05:30,230.98,230.98,229.41,230.0,317417
2025-09-24 09:55:00+05:30,229.98,231.65,229.95,230.83,326970
2025-09-24 10:00:00+05:30,230.99,232.0,230.75,231.5,255471
2025-09-24 10:05:00+05:30,231.5,231.82,230.85,231.1,141881
2025-09-24 10:10:00+05:30,231.0,231.03,230.25,230.5,132095
2025-09-24 10:15:00+05:30,230.5,230.5,229.81,230.26,181111
2025-09-24 10:20:00+05:30,230.34,230.93,230.05,230.25,93271
2025-09-24 10:25:00+05:30,230.25,230.35,229.6,229.77,115869
2025-09-24 10:30:00+05:30,229.69,229.84,229.1,229.58,182346
2025-09-24 10:35:00+05:30,229.58,229.6,229.11,229.38,95276
2025-09-24 10:40:00+05:30,229.3,229.37,228.64,228.85,177687
2025-09-24 10:45:00+05:30,228.96,228.96,228.08,228.21,218608
2025-09-24 10:50:00+05:30,228.21,228.94,228.07,228.36,127495
2025-09-24 10:55:00+05:30,228.43,229.11,228.38,229.07,78715
2025-09-24 11:00:00+05:30,229.07,229.13,228.35,228.37,59600
2025-09-24 11:05:00+05:30,228.48,229.2,228.4,229.08,92146
2025-09-24 11:10:00+05:30,229.2,229.75,229.0,229.12,146477
2025-09-24 11:15:00+05:30,229.17,229.25,228.82,229.14,38405
2025-09-24 11:20:00+05:30,229.11,229.11,228.54,228.9,49244
2025-09-24 11:25:00+05:30,228.9,228.9,228.52,228.7,28603
2025-09-24 11:30:00+05:30,228.63,228.95,228.47,228.65,53228
2025-09-24 11:35:00+05:30,228.69,228.7,228.31,228.44,47966
2025-09-24 11:40:00+05:30,228.44,228.59,228.05,228.3,65389
2025-09-24 11:45:00+05:30,228.29,228.75,228.14,228.75,34039
2025-09-24 11:50:00+05:30,228.75,228.75,228.21,228.46,30493
2025-09-24 11:55:00+05:30,228.46,228.6,228.1,228.4,27219
2025-09-24 12:00:00+05:30,228.4,228.4,227.25,227.38,164763
2025-09-24 12:05:00+05:30,227.38,227.78,227.25,227.59,48412
2025-09-24 12:10:00+05:30,227.59,227.8,227.4,227.74,55237
2025-09-24 12:15:00+05:30,227.7,227.7,227.31,227.55,40480
2025-09-24 12:20:00+05:30,227.54,227.64,227.2,227.31,37379
2025-09-24 12:25:00+05:30,227.35,227.45,226.38,226.69,172214
2025-09-24 12:30:00+05:30,226.7,227.19,226.69,226.8,50577
2025-09-24 12:35:00+05:30,226.8,227.46,226.8,227.42,29385
2025-09-24 12:40:00+05:30,227.26,227.36,227.02,227.3,21313
2025-09-24 12:45:00+05:30,227.3,227.36,226.8,227.03,21409
2025-09-24 12:50:00+05:30,227.03,227.4,227.02,227.35,22367
2025-09-24 12:55:00+05:30,227.79,227.8,227.25,227.44,41573
2025-09-24 13:00:00+05:30,227.44,227.82,227.44,227.76,28060
2025-09-24 13:05:00+05:30,227.76,227.82,227.54,227.67,20746
2025-09-24 13:10:00+05:30,227.67,228.1,227.4,228.05,56741
2025-09-24 13:15:00+05:30,228.14,228.49,228.11,228.3,44350
2025-09-24 13:20:00+05:30,228.28,228.34,227.79,227.8,40235
2025-09-24 13:25:00+05:30,227.9,229.44,227.75,228.88,133461
2025-09-24 13:30:00+05:30,229.03,230.65,228.53,230.5,772153
2025-09-24 13:35:00+05:30,230.5,232.49,230.34,232.0,1252543
2025-09-24 13:40:00+05:30,232.14,233.0,231.72,232.0,916798
2025-09-24 13:45:00+05:30,232.0,233.3,231.61,232.94,691476
2025-09-24 13:50:00+05:30,232.98,233.5,232.5,233.35,619726
2025-09-24 13:55:00+05:30,233.49,234.0,230.62,230.81,1229708
2025-09-24 14:00:00+05:30,230.9,231.5,230.1,231.44,350989
2025-09-24 14:05:00+05:30,231.4,231.58,230.32,230.5,220404
2025-09-24 14:10:00+05:30,230.5,231.0,230.4,230.54,149994
2025-09-24 14:15:00+05:30,230.5,231.45,230.48,230.95,128026
2025-09-24 14:20:00+05:30,230.94,230.98,230.5,230.98,68680
2025-09-24 14:25:00+05:30,230.98,230.98,230.5,230.61,87593
2025-09-24 14:30:00+05:30,230.61,230.95,230.5,230.5,139608
2025-09-24 14:35:00+05:30,230.5,231.89,230.45,230.95,275789
2025-09-24 14:40:00+05:30,230.92,232.04,230.2,232.04,325183
2025-09-24 14:45:00+05:30,232.04,233.77,231.77,232.35,455250
2025-09-24 14:50:00+05:30,232.35,232.99,231.95,232.65,167593
2025-09-24 14:55:00+05:30,232.68,232.68,231.26,231.3,151916
2025-09-24 15:00:00+05:30,231.29,232.17,231.16,231.89,200762
2025-09-24 15:05:00+05:30,231.83,233.22,231.77,232.95,541445
2025-09-24 15:10:00+05:30,232.95,233.0,231.87,232.42,327373
2025-09-24 15:15:00+05:30,232.31,232.9,231.8,232.29,472101
2025-09-24 15:20:00+05:30,232.3,233.2,232.2,232.79,500333
2025-09-24 15:25:00+05:30,232.8,232.99,232.0,232.52,384771
2025-09-25 09:15:00+05:30,233.64,236.1,232.57,235.23,1691064
2025-09-25 09:20:00+05:30,234.9,236.45,234.43,235.7,766087
2025-09-25 09:25:00+05:30,235.6,236.0,233.22,233.87,908155
2025-09-25 09:30:00+05:30,233.51,235.9,233.5,235.48,609052
2025-09-25 09:35:00+05:30,235.48,235.92,234.57,234.98,466437
2025-09-25 09:40:00+05:30,234.98,235.1,231.15,231.16,690168
2025-09-25 09:45:00+05:30,231.08,232.64,231.0,232.55,398204
2025-09-25 09:50:00+05:30,232.53,233.5,232.5,232.95,175589
2025-09-25 09:55:00+05:30,232.94,233.31,232.65,233.28,63708
2025-09-25 10:00:00+05:30,233.25,233.6,232.61,232.93,129568
2025-09-25 10:05:00+05:30,232.93,232.93,232.1,232.61,118044
2025-09-25 10:10:00+05:30,232.49,233.0,232.49,233.0,50043
2025-09-25 10:15:00+05:30,232.98,233.22,232.86,233.1,49096
2025-09-25 10:20:00+05:30,232.98,234.2,232.72,234.2,178012
2025-09-25 10:25:00+05:30,234.2,234.39,233.31,233.5,112831
2025-09-25 10:30:00+05:30,233.55,233.73,232.91,233.0,55002
2025-09-25 10:35:00+05:30,233.1,233.1,232.5,232.76,56024
2025-09-25 10:40:00+05:30,232.75,233.0,232.11,232.24,102897
2025-09-25 10:45:00+05:30,232.11,232.41,232.0,232.1,66923
2025-09-25 10:50:00+05:30,232.1,232.78,232.1,232.51,36954
2025-09-25 10:55:00+05:30,232.57,232.6,232.23,232.23,35294
2025-09-25 11:00:00+05:30,232.23,232.8,232.23,232.6,21244
2025-09-25 11:05:00+05:30,232.6,233.38,232.5,232.64,52721
2025-09-25 11:10:00+05:30,232.61,232.69,232.5,232.67,14333
2025-09-25 11:15:00+05:30,232.67,233.07,232.62,232.97,25177
2025-09-25 11:20:00+05:30,233.02,233.29,232.9,233.09,25702
2025-09-25 11:25:00+05:30,233.09,233.5,232.7,233.39,58098
2025-09-25 11:30:00+05:30,233.39,233.5,233.07,233.15,34157
2025-09-25 11:35:00+05:30,233.06,233.34,232.56,232.69,65933
2025-09-25 11:40:00+05:30,232.69,232.79,232.2,232.2,56140
2025-09-25 11:45:00+05:30,232.15,232.48,232.15,232.48,20640
2025-09-25 11:50:00+05:30,232.48,232.56,232.0,232.02,70542
2025-09-25 11:55:00+05:30,232.0,232.5,232.0,232.32,20592
2025-09-25 12:00:00+05:30,232.32,232.32,232.0,232.09,35364
2025-09-25 12:05:00+05:30,232.0,232.0,231.52,231.7,66156
2025-09-25 12:10:00+05:30,231.7,231.75,231.5,231.61,37841
2025-09-25 12:15:00+05:30,231.61,231.99,231.6,231.8,19872
2025-09-25 12:20:00+05:30,231.8,231.99,231.76,231.77,41813
2025-09-25 12:25:00+05:30,231.77,231.85,231.57,231.85,27889
2025-09-25 12:30:00+05:30,231.83,231.84,231.51,231.6,12846
2025-09-25 12:35:00+05:30,231.59,231.99,231.55,231.9,19572
2025-09-25 12:40:00+05:30,231.9,233.18,231.9,232.64,110627
2025-09-25 12:45:00+05:30,232.64,232.8,232.2,232.29,15452
2025-09-25 12:50:00+05:30,232.29,232.7,232.29,232.5,20369
2025-09-25 12:55:00+05:30,232.5,232.9,232.38,232.8,20633
2025-09-25 13:00:00+05:30,232.74,232.85,232.55,232.78,13648
2025-09-25 13:05:00+05:30,232.78,232.9,232.55,232.8,30492
2025-09-25 13:10:00+05:30,232.8,232.8,232.44,232.5,25418
2025-09-25 13:15:00+05:30,232.46,232.6,232.13,232.2,30285
2025-09-25 13:20:00+05:30,232.2,232.69,232.2,232.62,34410
2025-09-25 13:25:00+05:30,232.48,232.59,232.2,232.29,18047
2025-09-25 13:30:00+05:30,232.35,232.57,232.23,232.52,16818
2025-09-25 13:35:00+05:30,232.6,232.65,232.21,232.25,15617
2025-09-25 13:40:00+05:30,232.25,232.44,232.2,232.2,10021
2025-09-25 13:45:00+05:30,232.15,232.7,232.15,232.47,31905
2025-09-25 13:50:00+05:30,232.47,232.6,232.16,232.18,16243
2025-09-25 13:55:00+05:30,232.18,232.34,231.8,231.8,37842
2025-09-25 14:00:00+05:30,231.8,231.95,231.71,231.94,11684
2025-09-25 14:05:00+05:30,231.94,232.25,231.75,231.86,22751
2025-09-25 14:10:00+05:30,231.86,231.97,231.2,231.7,70838
2025-09-25 14:15:00+05:30,231.7,232.0,231.25,231.42,39362
2025-09-25 14:20:00+05:30,231.25,231.25,230.6,230.89,112824
2025-09-25 14:25:00+05:30,230.88,231.46,230.7,231.15,41188
2025-09-25 14:30:00+05:30,231.22,231.38,230.79,230.95,28409
2025-09-25 14:35:00+05:30,230.83,231.24,230.6,230.7,66494
2025-09-25 14:40:00+05:30,230.62,230.91,230.5,230.5,44521
2025-09-25 14:45:00+05:30,230.5,230.74,230.15,230.6,49383
2025-09-25 14:50:00+05:30,230.6,230.77,230.07,230.41,63355
2025-09-25 14:55:00+05:30,230.36,230.43,230.0,230.06,88344
2025-09-25 15:00:00+05:30,230.06,232.16,230.06,232.1,190446
2025-09-25 15:05:00+05:30,232.14,232.65,231.05,232.46,315792
2025-09-25 15:10:00+05:30,232.43,233.69,232.06,233.2,356674
2025-09-25 15:15:00+05:30,233.6,233.76,233.01,233.6,330925
2025-09-25 15:20:00+05:30,233.53,234.21,233.5,233.5,333858
2025-09-25 15:25:00+05:30,233.5,233.5,232.13,232.52,175868
2025-09-26 09:15:00+05:30,232.5,232.78,228.1,228.15,253701
2025-09-26 09:20:00+05:30,228.28,228.3,227.0,228.3,175107
2025-09-26 09:25:00+05:30,228.48,228.53,226.5,226.6,136118
2025-09-26 09:30:00+05:30,226.45,226.45,224.64,225.59,176963
2025-09-26 09:35:00+05:30,225.59,226.72,225.59,226.66,124377
2025-09-26 09:40:00+05:30,226.61,228.3,226.61,228.1,107342
2025-09-26 09:45:00+05:30,228.43,228.61,228.04,228.24,78157
2025-09-26 09:50:00+05:30,228.3,228.7,227.83,228.45,59164
2025-09-26 09:55:00+05:30,228.44,228.78,228.16,228.4,35082
2025-09-26 10:00:00+05:30,228.56,228.64,227.12,227.31,87082
2025-09-26 10:05:00+05:30,227.35,227.35,226.7,226.95,21300
2025-09-26 10:10:00+05:30,226.85,227.15,226.25,226.27,39396
2025-09-26 10:15:00+05:30,226.39,226.96,226.22,226.36,30893
2025-09-26 10:20:00+05:30,226.5,226.5,225.8,226.39,32826
2025-09-26 10:25:00+05:30,226.39,226.71,226.1,226.18,38605
2025-09-26 10:30:00+05:30,226.18,226.37,225.88,226.1,34567
2025-09-26 10:35:00+05:30,226.1,226.4,226.01,226.26,27373
2025-09-26 10:40:00+05:30,226.24,226.5,226.13,226.5,16982
2025-09-26 10:45:00+05:30,226.5,227.25,226.4,227.21,25530
2025-09-26 10:50:00+05:30,227.2,227.25,226.72,226.72,30386
2025-09-26 10:55:00+05:30,226.8,226.8,226.46,226.65,14409
2025-09-26 11:00:00+05:30,226.65,226.67,226.01,226.01,10921
2025-09-26 11:05:00+05:30,226.01,226.27,225.8,226.18,25234
2025-09-26 11:10:00+05:30,226.18,226.32,226.13,226.24,9817
2025-09-26 11:15:00+05:30,226.1,226.1,225.7,225.97,24126
2025-09-26 11:20:00+05:30,225.97,226.14,225.5,225.61,22879
2025-09-26 11:25:00+05:30,225.61,226.11,225.61,225.85,10612
2025-09-26 11:30:00+05:30,225.8,226.43,225.6,226.39,33262
2025-09-26 11:35:00+05:30,226.41,227.06,226.21,226.22,110801
2025-09-26 11:40:00+05:30,226.22,226.5,226.07,226.17,10516
2025-09-26 11:45:00+05:30,226.17,226.73,226.03,226.57,5632
2025-09-26 11:50:00+05:30,226.69,227.26,226.54,226.85,35876
2025-09-26 11:55:00+05:30,226.9,227.7,226.88,227.56,23302
2025-09-26 12:00:00+05:30,227.58,227.58,227.0,227.11,7444
2025-09-26 12:05:00+05:30,227.2,227.27,226.96,226.96,11208
2025-09-26 12:10:00+05:30,227.02,227.25,226.8,227.1,5708
2025-09-26 12:15:00+05:30,227.1,227.25,227.0,227.13,3896
2025-09-26 12:20:00+05:30,227.13,227.5,227.12,227.44,17666
2025-09-26 12:25:00+05:30,227.44,227.7,227.4,227.63,17011
2025-09-26 12:30:00+05:30,227.63,227.63,227.22,227.3,5778
2025-09-26 12:35:00+05:30,227.3,227.7,227.3,227.65,14771
2025-09-26 12:40:00+05:30,227.65,227.95,227.49,227.59,19545
2025-09-26 12:45:00+05:30,227.79,229.2,227.62,228.76,87486
2025-09-26 12:50:00+05:30,228.76,228.98,228.0,228.03,27596
2025-09-26 12:55:00+05:30,228.03,228.3,227.62,227.85,29147
2025-09-26 13:00:00+05:30,227.85,228.0,227.55,227.99,14100
2025-09-26 13:05:00+05:30,227.99,228.11,227.64,227.8,9865
2025-09-26 13:10:00+05:30,227.8,227.8,227.3,227.39,9238
2025-09-26 13:15:00+05:30,227.39,227.39,226.61,227.13,37572
2025-09-26 13:20:00+05:30,227.13,227.13,226.68,226.88,11112
2025-09-26 13:25:00+05:30,226.88,226.88,226.3,226.48,42452
2025-09-26 13:30:00+05:30,226.48,226.5,225.85,225.85,28123
2025-09-26 13:35:00+05:30,225.85,226.3,225.74,225.74,30582
2025-09-26 13:40:00+05:30,225.74,225.83,225.55,225.73,18961
2025-09-26 13:45:00+05:30,225.73,225.99,225.62,225.8,19879
2025-09-26 13:50:00+05:30,225.8,225.8,225.16,225.31,47163
2025-09-26 13:55:00+05:30,225.31,225.67,225.2,225.39,31677
2025-09-26 14:00:00+05:30,225.4,225.42,225.03,225.1,27549
2025-09-26 14:05:00+05:30,225.1,225.25,225.0,225.01,35658
2025-09-26 14:10:00+05:30,225.3,225.48,224.61,224.84,79678
2025-09-26 14:15:00+05:30,224.87,224.87,224.5,224.65,18236
2025-09-26 14:20:00+05:30,224.65,225.0,224.5,224.6,31110
2025-09-26 14:25:00+05:30,224.6,224.94,224.5,224.83,16041
2025-09-26 14:30:00+05:30,224.91,225.38,224.59,225.11,20150
2025-09-26 14:35:00+05:30,225.11,225.75,225.1,225.75,35369
2025-09-26 14:40:00+05:30,225.81,226.25,225.69,225.95,19666
2025-09-26 14:45:00+05:30,225.95,226.2,225.64,226.2,15881
2025-09-26 14:50:00+05:30,226.2,226.2,225.4,225.43,22545
2025-09-26 14:55:00+05:30,225.62,225.7,225.3,225.3,29270
2025-09-26 15:00:00+05:30,225.3,225.75,224.73,225.24,72041
2025-09-26 15:05:00+05:30,225.3,225.6,225.16,225.17,56797
2025-09-26 15:10:00+05:30,225.63,225.63,224.92,225.1,104477
2025-09-26 15:15:00+05:30,225.1,225.49,224.81,225.47,89264
2025-09-26 15:20:00+05:30,225.38,226.07,225.2,225.76,114630
2025-09-26 15:25:00+05:30,225.76,226.24,225.4,225.85,57316
2025-09-29 09:15:00+05:30,225.95,226.1,223.0,224.03,174333
2025-09-29 09:20:00+05:30,224.16,225.19,223.69,224.59,124139
2025-09-29 09:25:00+05:30,224.59,224.7,223.95,224.6,67432
2025-09-29 09:30:00+05:30,224.6,226.6,224.57,225.4,282884
2025-09-29 09:35:00+05:30,225.4,226.38,224.79,224.93,117453
2025-09-29 09:40:00+05:30,224.95,225.0,224.01,224.62,67391
2025-09-29 09:45:00+05:30,224.7,227.27,224.62,227.1,194688
2025-09-29 09:50:00+05:30,227.0,227.48,226.8,227.14,76663
2025-09-29 09:55:00+05:30,227.01,227.8,227.0,227.16,80593
2025-09-29 10:00:00+05:30,227.15,227.49,226.6,226.78,59868
2025-09-29 10:05:00+05:30,226.75,226.81,226.3,226.33,29074
2025-09-29 10:10:00+05:30,226.33,226.65,225.59,225.59,55252
2025-09-29 10:15:00+05:30,225.59,226.2,225.56,226.19,18319
2025-09-29 10:20:00+05:30,226.18,226.6,225.85,226.02,23655
2025-09-29 10:25:00+05:30,226.0,226.0,225.3,225.4,29414
2025-09-29 10:30:00+05:30,225.4,225.57,225.32,225.5,14494
2025-09-29 10:35:00+05:30,225.38,225.7,225.3,225.57,23137
2025-09-29 10:40:00+05:30,225.59,225.71,224.8,224.9,33475
2025-09-29 10:45:00+05:30,224.91,225.34,224.9,224.92,16505
2025-09-29 10:50:00+05:30,224.85,224.93,224.61,224.72,52869
2025-09-29 10:55:00+05:30,224.65,225.0,224.44,224.98,42249
2025-09-29 11:00:00+05:30,224.98,225.4,224.83,225.4,8647
2025-09-29 11:05:00+05:30,225.4,225.48,225.13,225.13,5749
2025-09-29 11:10:00+05:30,225.13,225.2,224.63,224.64,11734
2025-09-29 11:15:00+05:30,224.64,224.7,223.92,223.92,37479
2025-09-29 11:20:00+05:30,223.94,224.13,223.85,224.0,9990
2025-09-29 11:25:00+05:30,224.0,224.2,223.8,224.0,18257
2025-09-29 11:30:00+05:30,224.0,224.11,223.71,223.89,22111
2025-09-29 11:35:00+05:30,223.89,223.89,223.1,223.35,36156
2025-09-29 11:40:00+05:30,223.35,223.37,223.0,223.0,37884
2025-09-29 11:45:00+05:30,223.0,223.0,222.07,222.26,65678
2025-09-29 11:50:00+05:30,222.28,222.99,222.28,222.65,22492
2025-09-29 11:55:00+05:30,222.55,223.0,221.39,221.77,108728
2025-09-29 12:00:00+05:30,221.64,221.64,220.48,220.99,74590
2025-09-29 12:05:00+05:30,221.0,221.04,219.75,220.01,96885
2025-09-29 12:10:00+05:30,220.08,220.24,219.72,219.8,39769
2025-09-29 12:15:00+05:30,219.81,220.3,219.71,219.99,32954
2025-09-29 12:20:00+05:30,219.97,220.63,219.97,220.4,18548
2025-09-29 12:25:00+05:30,220.4,220.43,219.8,220.22,20475
2025-09-29 12:30:00+05:30,220.22,220.27,219.8,220.02,19461
2025-09-29 12:35:00+05:30,220.02,220.59,219.8,220.56,49220
2025-09-29 12:40:00+05:30,220.56,220.79,220.5,220.55,25220
2025-09-29 12:45:00+05:30,220.55,220.55,219.75,219.85,81893
2025-09-29 12:50:00+05:30,219.85,220.28,219.6,220.25,15879
2025-09-29 12:55:00+05:30,220.12,220.25,220.03,220.03,4129
2025-09-29 13:00:00+05:30,220.03,220.7,219.87,220.66,46972
2025-09-29 13:05:00+05:30,220.76,220.84,220.3,220.42,9987
2025-09-29 13:10:00+05:30,220.39,221.32,220.39,221.09,14268
2025-09-29 13:15:00+05:30,221.18,221.32,220.77,221.22,15706
2025-09-29 13:20:00+05:30,221.22,221.72,221.19,221.5,12114
2025-09-29 13:25:00+05:30,221.61,221.8,221.54,221.7,11170
2025-09-29 13:30:00+05:30,221.7,222.05,221.7,221.78,29133
2025-09-29 13:35:00+05:30,221.78,221.95,221.52,221.52,19342
2025-09-29 13:40:00+05:30,221.52,221.62,220.75,220.91,12521
2025-09-29 13:45:00+05:30,220.91,221.23,220.54,221.02,32256
2025-09-29 13:50:00+05:30,221.02,221.31,220.8,221.3,5995
2025-09-29 13:55:00+05:30,221.21,221.65,221.2,221.34,18514
2025-09-29 14:00:00+05:30,221.34,221.53,221.2,221.2,10976
2025-09-29 14:05:00+05:30,221.09,221.15,220.4,220.61,69601
2025-09-29 14:10:00+05:30,220.61,221.24,220.59,221.23,24981
2025-09-29 14:15:00+05:30,221.21,221.51,221.09,221.28,14824
2025-09-29 14:20:00+05:30,221.15,221.28,221.02,221.25,4758
2025-09-29 14:25:00+05:30,221.25,221.28,221.0,221.2,16298
2025-09-29 14:30:00+05:30,221.25,221.49,221.1,221.35,13900
2025-09-29 14:35:00+05:30,221.35,221.63,221.35,221.43,11209
2025-09-29 14:40:00+05:30,221.5,221.5,220.6,220.6,19163
2025-09-29 14:45:00+05:30,220.8,220.88,220.6,220.62,7166
2025-09-29 14:50:00+05:30,220.63,220.77,220.52,220.7,11087
2025-09-29 14:55:00+05:30,220.7,220.79,220.5,220.79,10879
2025-09-29 15:00:00+05:30,220.79,220.79,220.0,220.04,40052
2025-09-29 15:05:00+05:30,220.05,221.58,220.04,220.93,136590
2025-09-29 15:10:00+05:30,222.61,222.99,220.01,220.25,148346
2025-09-29 15:15:00+05:30,220.25,220.25,218.61,218.75,143947
2025-09-29 15:20:00+05:30,219.31,219.77,219.17,219.6,86578
2025-09-29 15:25:00+05:30,219.48,219.9,219.36,219.9,64446
2025-09-30 09:15:00+05:30,220.0,220.0,218.08,219.06,116707
2025-09-30 09:20:00+05:30,219.16,220.5,219.0,219.94,108236
2025-09-30 09:25:00+05:30,219.98,219.98,219.08,219.13,37913
2025-09-30 09:30:00+05:30,218.91,220.34,218.85,220.2,41128
2025-09-30 09:35:00+05:30,220.18,220.37,219.57,219.6,35356
2025-09-30 09:40:00+05:30,219.6,219.69,219.2,219.47,35025
2025-09-30 09:45:00+05:30,219.54,220.75,219.44,220.75,20278
2025-09-30 09:50:00+05:30,220.8,223.46,220.22,222.33,182165
2025-09-30 09:55:00+05:30,222.33,224.2,222.21,223.45,270629
2025-09-30 10:00:00+05:30,223.45,224.2,222.7,222.76,126409
2025-09-30 10:05:00+05:30,222.76,222.9,221.88,221.88,58519
2025-09-30 10:10:00+05:30,222.02,222.02,221.5,221.53,17552
2025-09-30 10:15:00+05:30,221.53,221.89,221.5,221.57,7937
2025-09-30 10:20:00+05:30,221.57,221.89,221.57,221.77,9348
2025-09-30 10:25:00+05:30,221.79,221.92,221.51,221.68,19283
2025-09-30 10:30:00+05:30,221.5,221.52,221.12,221.38,18686
2025-09-30 10:35:00+05:30,221.38,221.44,220.75,221.18,26926
2025-09-30 10:40:00+05:30,221.14,221.81,220.99,221.81,11112
2025-09-30 10:45:00+05:30,221.81,221.81,221.13,221.28,12034
2025-09-30 10:50:00+05:30,221.28,222.08,221.27,222.08,18914
2025-09-30 10:55:00+05:30,222.08,222.08,221.5,221.55,8487
2025-09-30 11:00:00+05:30,221.51,221.93,221.5,221.8,4588
2025-09-30 11:05:00+05:30,221.8,222.21,221.68,221.91,7339
2025-09-30 11:10:00+05:30,221.91,222.16,221.72,222.03,14061
2025-09-30 11:15:00+05:30,222.03,222.33,221.78,221.93,9280
2025-09-30 11:20:00+05:30,221.93,222.06,220.81,220.93,24787
2025-09-30 11:25:00+05:30,220.93,220.93,220.25,220.58,38260
2025-09-30 11:30:00+05:30,220.45,220.9,220.45,220.9,40048
2025-09-30 11:35:00+05:30,220.9,221.1,220.5,220.6,20542
2025-09-30 11:40:00+05:30,220.6,220.62,220.1,220.51,25927
2025-09-30 11:45:00+05:30,220.51,220.6,220.3,220.43,4309
2025-09-30 11:50:00+05:30,220.43,220.43,220.1,220.1,12990
2025-09-30 11:55:00+05:30,220.1,220.16,220.0,220.01,22377
2025-09-30 12:00:00+05:30,220.01,220.1,219.83,220.09,14067
2025-09-30 12:05:00+05:30,220.09,220.26,220.05,220.05,5709
2025-09-30 12:10:00+05:30,220.05,220.4,220.05,220.16,4802
2025-09-30 12:15:00+05:30,220.1,220.2,219.84,220.16,15384
2025-09-30 12:20:00+05:30,220.16,220.2,219.92,220.07,2390
2025-09-30 12:25:00+05:30,220.07,220.32,219.9,220.0,3910
2025-09-30 12:30:00+05:30,220.0,220.21,219.95,220.11,4188
2025-09-30 12:35:00+05:30,220.16,220.87,220.16,220.56,19118
2025-09-30 12:40:00+05:30,220.56,220.81,220.52,220.66,3798
2025-09-30 12:45:00+05:30,220.66,220.72,220.23,220.45,6041
2025-09-30 12:50:00+05:30,220.45,220.76,220.23,220.4,2728
2025-09-30 12:55:00+05:30,220.4,220.4,220.0,220.05,5683
2025-09-30 13:00:00+05:30,220.05,220.08,219.49,219.59,33757
2025-09-30 13:05:00+05:30,219.78,219.82,219.31,219.76,16476
2025-09-30 13:10:00+05:30,219.69,219.76,219.59,219.59,8120
2025-09-30 13:15:00+05:30,219.59,219.87,219.59,219.66,6648
2025-09-30 13:20:00+05:30,219.66,219.68,219.52,219.61,3635
2025-09-30 13:25:00+05:30,219.61,219.89,219.52,219.52,9121
2025-09-30 13:30:00+05:30,219.52,219.93,219.52,219.52,7833
2025-09-30 13:35:00+05:30,219.52,219.53,219.2,219.4,12402
2025-09-30 13:40:00+05:30,219.4,219.61,219.2,219.39,13781
2025-09-30 13:45:00+05:30,219.39,219.98,219.25,219.76,10275
2025-09-30 13:50:00+05:30,219.76,219.92,219.6,219.6,8535
2025-09-30 13:55:00+05:30,219.6,219.93,219.47,219.75,15580
2025-09-30 14:00:00+05:30,219.75,219.79,219.36,219.36,4974
2025-09-30 14:05:00+05:30,219.36,219.95,219.36,219.72,4580
2025-09-30 14:10:00+05:30,219.72,220.6,219.5,220.5,29594
2025-09-30 14:15:00+05:30,220.46,220.51,219.86,219.86,9072
2025-09-30 14:20:00+05:30,219.86,220.7,219.81,220.58,17463
2025-09-30 14:25:00+05:30,220.42,220.95,220.2,220.66,17414
2025-09-30 14:30:00+05:30,220.69,220.9,220.2,220.85,12074
2025-09-30 14:35:00+05:30,220.88,221.33,220.81,221.16,27782
2025-09-30 14:40:00+05:30,221.18,221.68,221.15,221.53,37498
2025-09-30 14:45:00+05:30,221.67,221.74,221.25,221.45,17931
2025-09-30 14:50:00+05:30,221.47,221.52,221.2,221.4,10171
2025-09-30 14:55:00+05:30,221.5,221.76,221.36,221.65,10053
2025-09-30 15:00:00+05:30,221.54,221.81,221.5,221.56,24137
2025-09-30 15:05:00+05:30,221.66,222.39,221.57,222.13,72689
2025-09-30 15:10:00+05:30,223.38,223.38,222.39,222.39,111445
2025-09-30 15:15:00+05:30,222.49,223.26,222.41,222.69,40418
2025-09-30 15:20:00+05:30,222.73,223.63,222.36,222.36,109299
2025-09-30 15:25:00+05:30,222.52,222.8,222.5,222.5,56784
2025-10-01 09:15:00+05:30,221.58,222.64,221.01,221.55,74581
2025-10-01 09:20:00+05:30,221.66,222.68,221.64,222.68,51214
2025-10-01 09:25:00+05:30,222.77,223.4,221.62,222.98,46362
2025-10-01 09:30:00+05:30,222.86,223.5,222.2,222.45,44111
2025-10-01 09:35:00+05:30,222.5,223.3,222.29,223.02,36716
2025-10-01 09:40:00+05:30,223.11,223.89,223.01,223.44,41228
2025-10-01 09:45:00+05:30,223.44,223.54,223.0,223.41,13167
2025-10-01 09:50:00+05:30,223.5,223.5,222.31,222.56,27804
2025-10-01 09:55:00+05:30,222.56,223.5,222.56,223.09,28097
2025-10-01 10:00:00+05:30,223.23,224.0,222.6,222.7,27657
2025-10-01 10:05:00+05:30,222.7,222.91,222.09,222.75,34323
2025-10-01 10:10:00+05:30,222.75,223.37,222.5,223.32,16171
2025-10-01 10:15:00+05:30,223.32,224.07,223.08,224.0,39417
2025-10-01 10:20:00+05:30,224.16,224.8,224.01,224.64,120713
2025-10-01 10:25:00+05:30,224.51,225.5,224.0,225.0,215029
2025-10-01 10:30:00+05:30,224.98,225.5,224.7,224.85,101408
2025-10-01 10:35:00+05:30,224.85,225.8,224.81,224.9,81407
2025-10-01 10:40:00+05:30,224.96,224.96,224.41,224.5,46724
2025-10-01 10:45:00+05:30,224.38,224.4,223.84,224.18,66256
2025-10-01 10:50:00+05:30,224.2,224.2,223.52,223.95,39374
2025-10-01 10:55:00+05:30,223.95,224.0,223.5,223.62,17459
2025-10-01 11:00:00+05:30,223.6,223.78,223.4,223.47,15486
2025-10-01 11:05:00+05:30,223.47,223.63,223.04,223.41,28071
2025-10-01 11:10:00+05:30,223.41,223.62,223.1,223.3,10217
2025-10-01 11:15:00+05:30,223.3,223.55,223.3,223.52,8435
2025-10-01 11:20:00+05:30,223.36,223.51,223.0,223.05,25663
2025-10-01 11:25:00+05:30,223.0,223.17,222.95,222.96,23307
2025-10-01 11:30:00+05:30,223.05,223.38,222.74,223.3,55526
2025-10-01 11:35:00+05:30,223.3,223.89,223.3,223.35,34238
2025-10-01 11:40:00+05:30,223.35,223.39,223.05,223.11,9602
2025-10-01 11:45:00+05:30,223.11,223.13,222.9,223.1,10110
2025-10-01 11:50:00+05:30,223.1,223.1,222.75,222.83,4671
2025-10-01 11:55:00+05:30,222.83,223.33,222.7,223.26,10838
2025-10-01 12:00:00+05:30,223.26,223.37,223.1,223.37,3163
2025-10-01 12:05:00+05:30,223.14,223.36,222.98,223.01,13399
2025-10-01 12:10:00+05:30,223.01,223.34,222.95,223.24,12284
2025-10-01 12:15:00+05:30,223.24,223.26,222.96,223.0,7490
2025-10-01 12:20:00+05:30,222.96,223.0,222.57,222.71,11310
2025-10-01 12:25:00+05:30,222.71,223.0,222.52,222.99,18895
2025-10-01 12:30:00+05:30,222.99,223.25,222.84,222.86,6011
2025-10-01 12:35:00+05:30,222.86,223.44,222.86,223.39,6955
2025-10-01 12:40:00+05:30,223.39,223.39,223.07,223.07,2630
2025-10-01 12:45:00+05:30,223.07,223.22,222.9,223.04,11079
2025-10-01 12:50:00+05:30,223.21,223.39,223.04,223.39,3046
2025-10-01 12:55:00+05:30,223.22,223.36,223.03,223.3,2778
2025-10-01 13:00:00+05:30,223.3,223.58,223.2,223.33,7042
2025-10-01 13:05:00+05:30,223.33,223.5,223.31,223.47,4511
2025-10-01 13:10:00+05:30,223.47,223.74,223.3,223.68,8160
2025-10-01 13:15:00+05:30,223.68,223.75,223.33,223.33,3756
2025-10-01 13:20:00+05:30,223.3,223.5,223.21,223.4,9583
2025-10-01 13:25:00+05:30,223.4,223.41,223.2,223.36,2062
2025-10-01 13:30:00+05:30,223.36,223.42,223.2,223.3,2575
2025-10-01 13:35:00+05:30,223.25,223.25,223.02,223.1,7247
2025-10-01 13:40:00+05:30,223.1,223.38,223.03,223.03,5379
2025-10-01 13:45:00+05:30,223.03,223.44,223.03,223.38,2687
2025-10-01 13:50:00+05:30,223.38,223.65,223.12,223.55,9198
2025-10-01 13:55:00+05:30,223.55,223.73,223.38,223.52,6851
2025-10-01 14:00:00+05:30,223.65,224.26,223.53,224.26,23671
2025-10-01 14:05:00+05:30,224.26,224.4,224.0,224.11,27205
2025-10-01 14:10:00+05:30,224.13,224.3,223.99,224.1,8174
2025-10-01 14:15:00+05:30,224.0,224.0,223.69,223.95,7682
2025-10-01 14:20:00+05:30,224.0,224.15,223.85,224.05,11564
2025-10-01 14:25:00+05:30,224.05,224.19,223.8,224.15,11074
2025-10-01 14:30:00+05:30,224.06,224.2,223.83,224.1,14680
2025-10-01 14:35:00+05:30,223.97,224.18,223.88,223.89,7992
2025-10-01 14:40:00+05:30,223.89,224.17,223.86,224.17,19369
2025-10-01 14:45:00+05:30,224.17,224.18,223.8,223.82,11408
2025-10-01 14:50:00+05:30,223.82,223.94,223.5,223.65,27651
2025-10-01 14:55:00+05:30,223.65,223.92,223.6,223.8,54060
2025-10-01 15:00:00+05:30,223.84,224.0,223.69,223.69,34599
2025-10-01 15:05:00+05:30,223.77,223.98,223.62,223.9,31444
2025-10-01 15:10:00+05:30,223.82,223.95,223.54,223.65,57463
2025-10-01 15:15:00+05:30,223.65,223.78,223.08,223.27,63901
2025-10-01 15:20:00+05:30,223.27,223.27,222.9,223.1,59714
2025-10-01 15:25:00+05:30,223.1,223.59,223.0,223.4,51170
2025-10-03 09:15:00+05:30,223.06,225.9,222.85,225.65,121152
2025-10-03 09:20:00+05:30,225.7,226.75,225.59,226.4,148745
2025-10-03 09:25:00+05:30,226.3,226.57,225.33,226.38,102540
2025-10-03 09:30:00+05:30,226.4,226.4,225.65,226.33,52059
2025-10-03 09:35:00+05:30,226.33,226.67,226.3,226.45,62842
2025-10-03 09:40:00+05:30,226.34,227.36,226.3,226.43,116713
2025-10-03 09:45:00+05:30,226.41,226.41,225.56,225.56,43595
2025-10-03 09:50:00+05:30,225.56,226.0,225.56,225.59,24028
2025-10-03 09:55:00+05:30,225.59,226.3,225.59,226.22,10472
2025-10-03 10:00:00+05:30,226.22,226.24,225.56,225.6,20530
2025-10-03 10:05:00+05:30,225.6,225.77,225.32,225.32,25015
2025-10-03 10:10:00+05:30,225.31,225.44,225.0,225.29,29406
2025-10-03 10:15:00+05:30,225.29,225.8,225.26,225.62,16462
2025-10-03 10:20:00+05:30,225.62,225.7,225.25,225.38,7958
2025-10-03 10:25:00+05:30,225.49,225.79,225.4,225.6,6875
2025-10-03 10:30:00+05:30,225.61,225.8,225.58,225.61,5941
2025-10-03 10:35:00+05:30,225.61,226.75,225.61,226.5,36906
2025-10-03 10:40:00+05:30,226.5,226.6,226.05,226.2,17649
2025-10-03 10:45:00+05:30,226.2,226.25,225.9,226.2,11014
2025-10-03 10:50:00+05:30,226.41,226.7,226.25,226.62,24981
2025-10-03 10:55:00+05:30,226.62,226.99,226.59,226.93,38156
2025-10-03 11:00:00+05:30,226.96,229.49,226.96,227.51,446077
2025-10-03 11:05:00+05:30,227.51,227.54,226.19,226.19,135808
2025-10-03 11:10:00+05:30,226.25,226.29,225.81,226.05,34579
2025-10-03 11:15:00+05:30,226.05,226.39,225.85,225.88,44012
2025-10-03 11:20:00+05:30,225.99,226.1,225.82,225.97,11948
2025-10-03 11:25:00+05:30,225.94,226.33,225.84,226.33,22095
2025-10-03 11:30:00+05:30,226.25,226.78,226.1,226.6,14720
2025-10-03 11:35:00+05:30,226.76,227.4,226.47,227.3,23247
2025-10-03 11:40:00+05:30,227.3,227.73,227.06,227.67,45784
2025-10-03 11:45:00+05:30,227.61,227.61,227.13,227.49,30135
2025-10-03 11:50:00+05:30,227.6,227.75,227.37,227.59,26698
2025-10-03 11:55:00+05:30,227.59,227.85,227.4,227.77,15638
2025-10-03 12:00:00+05:30,227.74,228.1,227.61,227.99,63677
2025-10-03 12:05:00+05:30,227.89,227.98,227.63,227.7,12765
2025-10-03 12:10:00+05:30,227.7,228.25,227.6,227.75,22673
2025-10-03 12:15:00+05:30,227.75,227.75,227.35,227.5,26851
2025-10-03 12:20:00+05:30,227.5,227.5,227.14,227.49,12330
2025-10-03 12:25:00+05:30,227.49,228.23,227.47,227.78,42602
2025-10-03 12:30:00+05:30,227.81,228.03,227.5,227.59,38715
2025-10-03 12:35:00+05:30,227.59,228.63,227.59,228.29,67274
2025-10-03 12:40:00+05:30,228.28,228.9,228.25,228.33,34123
2025-10-03 12:45:00+05:30,228.41,229.2,228.05,229.03,79697
2025-10-03 12:50:00+05:30,229.03,229.45,228.5,228.5,50228
2025-10-03 12:55:00+05:30,228.5,228.6,228.15,228.15,22431
2025-10-03 13:00:00+05:30,228.15,228.52,228.01,228.16,9606
2025-10-03 13:05:00+05:30,228.02,228.35,228.02,228.32,13346
2025-10-03 13:10:00+05:30,228.19,228.29,227.86,228.0,37950
2025-10-03 13:15:00+05:30,227.89,227.98,227.68,227.68,9879
2025-10-03 13:20:00+05:30,227.73,227.74,227.45,227.5,8037
2025-10-03 13:25:00+05:30,227.5,227.75,227.25,227.35,40487
2025-10-03 13:30:00+05:30,227.35,227.58,227.2,227.5,13083
2025-10-03 13:35:00+05:30,227.36,227.47,227.17,227.28,18033
2025-10-03 13:40:00+05:30,227.28,227.48,227.17,227.4,10639
2025-10-03 13:45:00+05:30,227.4,227.4,227.05,227.2,10987
2025-10-03 13:50:00+05:30,227.2,227.62,227.13,227.62,10815
2025-10-03 13:55:00+05:30,227.62,227.82,227.2,227.45,16409
2025-10-03 14:00:00+05:30,227.49,227.53,227.15,227.5,11720
2025-10-03 14:05:00+05:30,227.5,227.51,227.21,227.21,11692
2025-10-03 14:10:00+05:30,227.21,227.45,227.21,227.28,8347
2025-10-03 14:15:00+05:30,227.28,227.6,227.28,227.51,13883
2025-10-03 14:20:00+05:30,227.51,227.72,227.41,227.69,10393
2025-10-03 14:25:00+05:30,227.69,228.1,227.65,228.1,24692
2025-10-03 14:30:00+05:30,228.1,228.19,227.81,228.02,19945
2025-10-03 14:35:00+05:30,228.05,228.33,228.0,228.2,19723
2025-10-03 14:40:00+05:30,228.2,228.42,227.69,227.85,19568
2025-10-03 14:45:00+05:30,227.85,227.99,227.61,227.67,24415
2025-10-03 14:50:00+05:30,227.67,228.04,227.67,227.96,21314
2025-10-03 14:55:00+05:30,228.0,228.4,227.75,228.4,22239
2025-10-03 15:00:00+05:30,228.39,228.6,228.21,228.5,52426
2025-10-03 15:05:00+05:30,228.46,228.72,228.36,228.5,112390
2025-10-03 15:10:00+05:30,228.43,228.99,228.35,228.9,66442
2025-10-03 15:15:00+05:30,228.87,228.99,228.65,228.75,88875
2025-10-03 15:20:00+05:30,228.75,228.9,228.5,228.6,117759
2025-10-03 15:25:00+05:30,228.5,228.65,227.9,228.5,76062
2025-10-06 09:15:00+05:30,228.61,229.2,226.21,227.85,169117
2025-10-06 09:20:00+05:30,227.84,228.29,227.44,227.5,35202
2025-10-06 09:25:00+05:30,227.52,227.62,226.71,226.71,52240
2025-10-06 09:30:00+05:30,226.67,227.26,226.0,227.19,35031
2025-10-06 09:35:00+05:30,227.29,227.5,226.69,226.93,26106
2025-10-06 09:40:00+05:30,226.84,226.92,226.41,226.73,18681
2025-10-06 09:45:00+05:30,226.6,226.73,225.23,226.01,53409
2025-10-06 09:50:00+05:30,226.01,226.37,225.95,225.96,19228
2025-10-06 09:55:00+05:30,225.96,226.16,225.91,225.91,6245
2025-10-06 10:00:00+05:30,226.05,226.31,225.71,226.16,9155
2025-10-06 10:05:00+05:30,226.16,226.62,226.08,226.62,11777
2025-10-06 10:10:00+05:30,226.62,226.64,226.2,226.26,8036
2025-10-06 10:15:00+05:30,226.26,226.3,225.73,226.14,12918
2025-10-06 10:20:00+05:30,226.14,226.28,226.01,226.2,7395
2025-10-06 10:25:00+05:30,226.2,226.24,225.8,225.8,12858
2025-10-06 10:30:00+05:30,225.8,225.85,225.44,225.53,23644
2025-10-06 10:35:00+05:30,225.53,225.8,225.47,225.52,7143
2025-10-06 10:40:00+05:30,225.52,225.61,225.14,225.14,19755
2025-10-06 10:45:00+05:30,225.1,225.25,225.01,225.1,14695
2025-10-06 10:50:00+05:30,225.1,225.15,224.57,225.09,21563
2025-10-06 10:55:00+05:30,225.29,225.29,225.0,225.08,19167
2025-10-06 11:00:00+05:30,225.08,225.15,224.62,224.78,10738
2025-10-06 11:05:00+05:30,224.78,224.86,224.52,224.73,17131
2025-10-06 11:10:00+05:30,224.73,224.84,223.55,223.95,29423
2025-10-06 11:15:00+05:30,223.96,224.36,223.51,223.71,47334
2025-10-06 11:20:00+05:30,223.6,224.1,223.6,223.75,21011
2025-10-06 11:25:00+05:30,223.75,224.0,223.75,224.0,5225
2025-10-06 11:30:00+05:30,224.0,224.18,223.18,223.73,37265
2025-10-06 11:35:00+05:30,223.73,223.86,223.6,223.81,5415
2025-10-06 11:40:00+05:30,223.81,224.0,223.81,223.92,6621
2025-10-06 11:45:00+05:30,223.92,223.98,223.86,223.87,12233
2025-10-06 11:50:00+05:30,223.86,223.9,223.61,223.72,6188
2025-10-06 11:55:00+05:30,223.72,223.72,223.51,223.6,14904
2025-10-06 12:00:00+05:30,223.6,223.72,223.52,223.7,8003
2025-10-06 12:05:00+05:30,223.7,223.9,223.58,223.81,8102
2025-10-06 12:10:00+05:30,223.81,223.81,223.53,223.6,3427
2025-10-06 12:15:00+05:30,223.6,224.0,223.51,224.0,4072
2025-10-06 12:20:00+05:30,224.0,224.19,223.9,224.15,7657
2025-10-06 12:25:00+05:30,224.06,224.35,224.0,224.22,21576
2025-10-06 12:30:00+05:30,224.22,224.27,224.0,224.04,6970
2025-10-06 12:35:00+05:30,224.07,224.22,224.0,224.15,7522
2025-10-06 12:40:00+05:30,224.0,224.22,223.9,224.15,4776
2025-10-06 12:45:00+05:30,224.15,224.4,224.15,224.3,7506
2025-10-06 12:50:00+05:30,224.3,224.5,224.15,224.43,7762
2025-10-06 12:55:00+05:30,224.31,224.45,224.25,224.3,3417
2025-10-06 13:00:00+05:30,224.3,224.4,224.03,224.1,6360
2025-10-06 13:05:00+05:30,224.1,224.34,224.05,224.34,3972
2025-10-06 13:10:00+05:30,224.34,224.5,224.2,224.41,4486
2025-10-06 13:15:00+05:30,224.41,224.6,224.36,224.51,15981
2025-10-06 13:20:00+05:30,224.51,224.84,224.36,224.73,11708
2025-10-06 13:25:00+05:30,224.73,225.21,224.73,225.17,39777
2025-10-06 13:30:00+05:30,225.15,225.18,224.91,225.16,5725
2025-10-06 13:35:00+05:30,225.16,225.18,224.92,225.0,12518
2025-10-06 13:40:00+05:30,225.0,225.0,224.85,225.0,5747
2025-10-06 13:45:00+05:30,225.0,225.0,224.3,224.4,3832
2025-10-06 13:50:00+05:30,224.4,224.48,224.24,224.48,12675
2025-10-06 13:55:00+05:30,224.48,224.57,224.35,224.42,2517
2025-10-06 14:00:00+05:30,224.45,224.53,224.4,224.53,1927
2025-10-06 14:05:00+05:30,224.53,224.54,224.4,224.44,1419
2025-10-06 14:10:00+05:30,224.44,224.53,224.35,224.43,6261
2025-10-06 14:15:00+05:30,224.43,224.9,224.31,224.79,2671
2025-10-06 14:20:00+05:30,224.79,225.0,224.63,224.9,6786
2025-10-06 14:25:00+05:30,224.9,225.03,224.6,224.66,12734
2025-10-06 14:30:00+05:30,224.68,224.99,224.59,224.9,2702
2025-10-06 14:35:00+05:30,224.73,224.96,224.55,224.61,1968
2025-10-06 14:40:00+05:30,224.61,224.72,224.45,224.48,4492
2025-10-06 14:45:00+05:30,224.48,224.74,224.45,224.54,6453
2025-10-06 14:50:00+05:30,224.54,224.7,224.4,224.44,8064
2025-10-06 14:55:00+05:30,224.48,224.95,224.48,224.63,20912
2025-10-06 15:00:00+05:30,224.63,224.73,224.31,224.47,16956
2025-10-06 15:05:00+05:30,224.42,224.69,224.25,224.64,36142
2025-10-06 15:10:00+05:30,224.56,224.56,224.0,224.21,41829
2025-10-06 15:15:00+05:30,224.2,224.5,223.67,223.84,63364
2025-10-06 15:20:00+05:30,223.84,224.13,223.55,223.9,46203
2025-10-06 15:25:00+05:30,223.89,224.5,223.8,224.3,59670
2025-10-07 09:15:00+05:30,224.3,225.59,223.45,224.27,111769
2025-10-07 09:20:00+05:30,224.15,224.83,223.56,224.18,88671
2025-10-07 09:25:00+05:30,224.04,224.37,223.6,224.23,46684
2025-10-07 09:30:00+05:30,224.37,224.37,223.41,224.17,55485
2025-10-07 09:35:00+05:30,224.11,224.11,222.84,223.26,51105
2025-10-07 09:40:00+05:30,223.34,223.77,223.0,223.24,35388
2025-10-07 09:45:00+05:30,223.1,223.17,222.6,222.95,50361
2025-10-07 09:50:00+05:30,222.95,223.37,222.8,223.3,22599
2025-10-07 09:55:00+05:30,223.3,223.72,223.1,223.5,22888
2025-10-07 10:00:00+05:30,223.49,223.68,223.4,223.59,37915
2025-10-07 10:05:00+05:30,223.61,223.65,222.82,222.95,49040
2025-10-07 10:10:00+05:30,222.92,223.06,222.78,222.89,15801
2025-10-07 10:15:00+05:30,222.89,222.99,222.65,222.83,18333
2025-10-07 10:20:00+05:30,222.83,222.91,222.7,222.85,2932
2025-10-07 10:25:00+05:30,222.85,222.96,222.75,222.92,9496
2025-10-07 10:30:00+05:30,222.92,222.96,222.73,222.85,10330
2025-10-07 10:35:00+05:30,222.85,222.85,222.4,222.7,28634
2025-10-07 10:40:00+05:30,222.7,222.7,222.5,222.61,13075
2025-10-07 10:45:00+05:30,222.51,223.06,222.5,222.97,19266
2025-10-07 10:50:00+05:30,222.97,223.04,222.7,222.79,5054
2025-10-07 10:55:00+05:30,222.79,222.79,222.6,222.66,6692
2025-10-07 11:00:00+05:30,222.6,222.84,222.5,222.59,18939
2025-10-07 11:05:00+05:30,222.59,222.6,222.5,222.54,29504
2025-10-07 11:10:00+05:30,222.54,222.55,222.04,222.34,51173
2025-10-07 11:15:00+05:30,222.44,222.44,222.02,222.1,11241
2025-10-07 11:20:00+05:30,222.14,222.16,222.0,222.1,31228
2025-10-07 11:25:00+05:30,222.03,222.35,222.0,222.29,20885
2025-10-07 11:30:00+05:30,222.29,222.29,222.1,222.13,4960
2025-10-07 11:35:00+05:30,222.13,222.27,222.07,222.11,4352
2025-10-07 11:40:00+05:30,222.11,222.34,222.1,222.29,3694
2025-10-07 11:45:00+05:30,222.29,222.5,222.26,222.3,9160
2025-10-07 11:50:00+05:30,222.3,222.49,222.3,222.39,1895
2025-10-07 11:55:00+05:30,222.36,222.49,222.36,222.36,4910
2025-10-07 12:00:00+05:30,222.36,222.49,222.33,222.36,2074
2025-10-07 12:05:00+05:30,222.36,222.84,222.36,222.56,11052
2025-10-07 12:10:00+05:30,222.56,222.57,222.24,222.41,3224
2025-10-07 12:15:00+05:30,222.41,222.6,222.33,222.53,3094
2025-10-07 12:20:00+05:30,222.53,222.75,222.42,222.57,6467
2025-10-07 12:25:00+05:30,222.57,222.73,222.39,222.64,3840
2025-10-07 12:30:00+05:30,222.64,222.68,222.5,222.62,3377
2025-10-07 12:35:00+05:30,222.69,222.69,222.62,222.62,716
2025-10-07 12:40:00+05:30,222.62,222.69,222.62,222.69,2297
2025-10-07 12:45:00+05:30,222.69,222.69,222.56,222.69,1972
2025-10-07 12:50:00+05:30,222.69,222.8,222.5,222.77,8481
2025-10-07 12:55:00+05:30,222.64,222.92,222.61,222.86,7520
2025-10-07 13:00:00+05:30,222.76,222.92,222.7,222.85,4204
2025-10-07 13:05:00+05:30,222.85,222.85,222.7,222.84,3253
2025-10-07 13:10:00+05:30,222.84,222.85,222.65,222.8,2338
2025-10-07 13:15:00+05:30,222.8,222.84,222.3,222.3,10733
2025-10-07 13:20:00+05:30,222.3,222.44,222.3,222.31,4068
2025-10-07 13:25:00+05:30,222.31,222.6,222.31,222.55,3166
2025-10-07 13:30:00+05:30,222.55,222.55,222.31,222.31,10550
2025-10-07 13:35:00+05:30,222.31,222.32,222.16,222.2,12504
2025-10-07 13:40:00+05:30,222.2,222.47,222.06,222.19,10313
2025-10-07 13:45:00+05:30,222.19,222.23,222.09,222.23,2155
2025-10-07 13:50:00+05:30,222.23,222.23,222.06,222.06,11186
2025-10-07 13:55:00+05:30,222.08,222.23,222.08,222.13,6367
2025-10-07 14:00:00+05:30,222.13,222.35,222.13,222.31,3516
2025-10-07 14:05:00+05:30,222.31,222.34,222.1,222.12,4501
2025-10-07 14:10:00+05:30,222.12,222.6,222.11,222.58,18692
2025-10-07 14:15:00+05:30,222.58,222.65,222.32,222.32,14287
2025-10-07 14:20:00+05:30,222.44,222.44,222.2,222.2,5727
2025-10-07 14:25:00+05:30,222.2,222.35,222.18,222.18,5176
2025-10-07 14:30:00+05:30,222.18,222.4,222.14,222.4,7942
2025-10-07 14:35:00+05:30,222.4,222.4,222.15,222.33,4799
2025-10-07 14:40:00+05:30,222.18,222.8,222.15,222.41,24833
2025-10-07 14:45:00+05:30,222.41,222.43,222.2,222.33,4231
2025-10-07 14:50:00+05:30,222.33,222.33,222.09,222.09,6477
2025-10-07 14:55:00+05:30,222.1,222.25,222.0,222.18,19559
2025-10-07 15:00:00+05:30,222.23,222.35,222.01,222.26,25332
2025-10-07 15:05:00+05:30,222.19,222.39,222.11,222.24,32975
2025-10-07 15:10:00+05:30,222.44,222.44,222.0,222.03,87026
2025-10-07 15:15:00+05:30,222.03,222.19,222.0,222.09,54792
2025-10-07 15:20:00+05:30,222.05,222.45,222.0,222.4,52602
2025-10-07 15:25:00+05:30,222.4,222.7,222.14,222.5,49645
2025-10-08 09:15:00+05:30,222.4,222.7,221.31,222.01,42141
2025-10-08 09:20:00+05:30,222.09,222.62,221.47,222.51,38692
2025-10-08 09:25:00+05:30,222.42,222.42,221.48,222.08,34626
2025-10-08 09:30:00+05:30,222.0,222.7,221.85,221.92,26229
2025-10-08 09:35:00+05:30,221.95,222.5,221.87,222.31,17620
2025-10-08 09:40:00+05:30,222.28,222.5,222.0,222.46,14512
2025-10-08 09:45:00+05:30,222.46,222.46,221.84,221.86,10850
2025-10-08 09:50:00+05:30,221.86,222.04,221.6,221.67,14673
2025-10-08 09:55:00+05:30,221.7,222.21,221.61,222.05,11628
2025-10-08 10:00:00+05:30,222.05,222.15,221.6,221.77,7113
2025-10-08 10:05:00+05:30,221.77,222.0,221.7,221.84,4736
2025-10-08 10:10:00+05:30,221.97,222.31,221.4,221.41,13812
2025-10-08 10:15:00+05:30,221.35,221.49,221.25,221.26,12546
2025-10-08 10:20:00+05:30,221.32,221.33,220.52,220.53,29497
2025-10-08 10:25:00+05:30,220.53,221.35,220.53,221.34,12962
2025-10-08 10:30:00+05:30,221.34,221.34,221.0,221.19,5096
2025-10-08 10:35:00+05:30,221.19,221.27,221.0,221.1,4423
2025-10-08 10:40:00+05:30,221.1,221.31,220.88,221.13,16764
2025-10-08 10:45:00+05:30,221.13,221.35,220.91,221.25,5588
2025-10-08 10:50:00+05:30,221.25,221.9,221.2,221.63,30311
2025-10-08 10:55:00+05:30,221.63,221.63,221.31,221.45,4740
2025-10-08 11:00:00+05:30,221.49,221.5,221.08,221.08,9819
2025-10-08 11:05:00+05:30,221.08,221.22,220.95,220.95,7612
2025-10-08 11:10:00+05:30,221.06,221.08,220.75,220.76,6305
2025-10-08 11:15:00+05:30,220.65,220.8,220.44,220.45,13099
2025-10-08 11:20:00+05:30,220.45,220.73,220.21,220.53,9627
2025-10-08 11:25:00+05:30,220.53,220.83,220.5,220.6,1398
2025-10-08 11:30:00+05:30,220.69,220.72,220.5,220.69,4924
2025-10-08 11:35:00+05:30,220.69,220.69,220.2,220.35,6707
2025-10-08 11:40:00+05:30,220.35,220.69,220.35,220.56,4587
2025-10-08 11:45:00+05:30,220.67,220.67,220.35,220.35,12558
2025-10-08 11:50:00+05:30,220.35,220.54,220.28,220.44,4712
2025-10-08 11:55:00+05:30,220.3,220.48,220.2,220.2,10665
2025-10-08 12:00:00+05:30,220.2,220.38,220.0,220.0,12708
2025-10-08 12:05:00+05:30,220.0,220.14,219.9,220.1,15078
2025-10-08 12:10:00+05:30,219.95,220.1,219.95,220.02,4306
2025-10-08 12:15:00+05:30,220.08,220.15,220.0,220.14,3237
2025-10-08 12:20:00+05:30,220.14,220.14,219.65,219.7,21101
2025-10-08 12:25:00+05:30,219.7,219.7,219.0,219.28,35112
2025-10-08 12:30:00+05:30,219.29,219.43,218.89,219.43,9540
2025-10-08 12:35:00+05:30,219.43,219.8,219.43,219.69,4740
2025-10-08 12:40:00+05:30,219.69,219.77,219.6,219.72,1681
2025-10-08 12:45:00+05:30,219.72,220.15,219.61,220.15,4281
2025-10-08 12:50:00+05:30,220.04,220.2,219.71,219.71,6025
2025-10-08 12:55:00+05:30,219.71,220.4,219.71,220.3,3517
2025-10-08 13:00:00+05:30,220.3,220.3,220.1,220.17,8819
2025-10-08 13:05:00+05:30,220.17,220.2,219.67,219.85,8423
2025-10-08 13:10:00+05:30,219.85,220.25,219.85,220.12,3663
2025-10-08 13:15:00+05:30,220.12,220.19,219.88,220.19,2731
2025-10-08 13:20:00+05:30,220.19,220.85,220.08,220.44,12028
2025-10-08 13:25:00+05:30,220.44,220.56,220.34,220.5,2034
2025-10-08 13:30:00+05:30,220.56,220.64,219.9,219.97,23979
2025-10-08 13:35:00+05:30,219.97,220.32,219.9,220.25,33604
2025-10-08 13:40:00+05:30,220.2,220.21,219.8,219.8,5414
2025-10-08 13:45:00+05:30,219.8,219.97,219.8,219.97,3784
2025-10-08 13:50:00+05:30,219.97,220.05,219.92,219.97,5767
2025-10-08 13:55:00+05:30,219.97,220.41,219.85,219.95,10472
2025-10-08 14:00:00+05:30,219.95,220.0,219.5,219.58,8123
2025-10-08 14:05:00+05:30,219.58,219.67,219.11,219.12,3838
2025-10-08 14:10:00+05:30,219.12,219.3,219.02,219.21,11339
2025-10-08 14:15:00+05:30,219.21,219.5,219.05,219.38,16344
2025-10-08 14:20:00+05:30,219.38,219.44,219.05,219.23,8142
2025-10-08 14:25:00+05:30,219.18,219.45,219.1,219.25,3651
2025-10-08 14:30:00+05:30,219.3,219.45,219.12,219.28,3603
2025-10-08 14:35:00+05:30,219.28,219.54,219.0,219.5,24434
2025-10-08 14:40:00+05:30,219.5,219.5,219.03,219.14,5349
2025-10-08 14:45:00+05:30,219.14,219.2,219.0,219.0,7694
2025-10-08 14:50:00+05:30,219.0,219.05,218.6,218.87,18846
2025-10-08 14:55:00+05:30,218.87,219.07,218.24,218.56,25902
2025-10-08 15:00:00+05:30,218.51,218.85,218.14,218.82,29809
2025-10-08 15:05:00+05:30,218.77,218.85,218.5,218.61,24695
2025-10-08 15:10:00+05:30,218.75,218.75,216.4,216.67,109932
2025-10-08 15:15:00+05:30,216.76,217.0,216.67,216.99,25964
2025-10-08 15:20:00+05:30,216.95,217.61,216.78,217.4,42171
2025-10-08 15:25:00+05:30,217.22,217.7,217.0,217.7,43448
2025-10-09 09:15:00+05:30,218.58,218.58,217.2,218.19,64681
2025-10-09 09:20:00+05:30,218.19,218.8,217.85,218.44,31047
2025-10-09 09:25:00+05:30,218.44,218.89,217.77,218.2,26282
2025-10-09 09:30:00+05:30,218.13,218.31,217.1,218.08,30366
2025-10-09 09:35:00+05:30,218.04,218.97,217.68,218.96,32795
2025-10-09 09:40:00+05:30,218.94,218.95,216.82,216.82,30605
2025-10-09 09:45:00+05:30,217.0,218.2,216.68,217.5,23881
2025-10-09 09:50:00+05:30,217.5,218.1,217.47,218.03,14594
2025-10-09 09:55:00+05:30,218.03,218.78,218.0,218.41,13940
2025-10-09 10:00:00+05:30,218.5,218.78,218.08,218.5,10945
2025-10-09 10:05:00+05:30,218.5,218.5,217.9,217.97,13501
2025-10-09 10:10:00+05:30,217.97,217.97,217.32,217.68,12283
2025-10-09 10:15:00+05:30,217.7,218.48,217.56,218.48,14690
2025-10-09 10:20:00+05:30,218.48,218.48,218.23,218.31,5619
2025-10-09 10:25:00+05:30,218.31,218.43,217.9,218.0,10379
2025-10-09 10:30:00+05:30,218.0,218.14,217.9,218.03,4022
2025-10-09 10:35:00+05:30,217.85,219.15,217.85,219.15,28479
2025-10-09 10:40:00+05:30,219.05,219.08,218.2,218.24,7367
2025-10-09 10:45:00+05:30,218.24,218.25,218.0,218.2,5773
2025-10-09 10:50:00+05:30,218.2,219.46,218.2,218.79,19820
2025-10-09 10:55:00+05:30,218.8,219.58,218.65,219.52,16938
2025-10-09 11:00:00+05:30,219.52,219.59,218.93,218.95,12169
2025-10-09 11:05:00+05:30,219.13,219.28,218.8,219.09,17871
2025-10-09 11:10:00+05:30,219.09,219.36,218.67,218.67,15756
2025-10-09 11:15:00+05:30,218.67,218.99,218.6,218.91,6759
2025-10-09 11:20:00+05:30,218.91,219.68,218.9,219.08,20551
2025-10-09 11:25:00+05:30,219.15,219.38,218.84,218.86,11073
2025-10-09 11:30:00+05:30,218.86,219.84,218.82,219.8,10907
2025-10-09 11:35:00+05:30,219.85,220.36,219.43,219.43,71770
2025-10-09 11:40:00+05:30,219.43,219.95,219.43,219.69,11154
2025-10-09 11:45:00+05:30,219.7,219.74,219.54,219.7,2274
2025-10-09 11:50:00+05:30,219.7,219.79,219.26,219.78,8402
2025-10-09 11:55:00+05:30,219.78,219.78,219.33,219.47,25922
2025-10-09 12:00:00+05:30,219.47,219.67,219.42,219.59,8359
2025-10-09 12:05:00+05:30,219.59,219.62,219.34,219.6,3595
2025-10-09 12:10:00+05:30,219.6,220.88,219.6,220.24,24727
2025-10-09 12:15:00+05:30,220.34,220.74,220.1,220.1,13510
2025-10-09 12:20:00+05:30,220.1,220.46,220.1,220.18,7576
2025-10-09 12:25:00+05:30,220.18,220.43,220.04,220.11,11165
2025-10-09 12:30:00+05:30,220.11,220.42,219.81,219.91,4801
2025-10-09 12:35:00+05:30,219.91,219.98,219.68,219.79,4269
2025-10-09 12:40:00+05:30,219.85,220.09,219.76,220.0,4053
2025-10-09 12:45:00+05:30,220.05,220.25,219.81,220.25,8025
2025-10-09 12:50:00+05:30,220.25,220.42,220.03,220.28,10738
2025-10-09 12:55:00+05:30,220.26,220.32,219.99,220.16,9108
2025-10-09 13:00:00+05:30,220.14,220.3,220.04,220.18,3380
2025-10-09 13:05:00+05:30,220.18,220.18,220.0,220.03,5316
2025-10-09 13:10:00+05:30,220.03,220.12,219.69,219.83,7821
2025-10-09 13:15:00+05:30,219.95,219.95,219.75,219.84,6332
2025-10-09 13:20:00+05:30,219.84,219.95,219.71,219.73,6475
2025-10-09 13:25:00+05:30,219.73,219.93,219.7,219.87,3506
2025-10-09 13:30:00+05:30,219.87,219.95,219.73,219.84,1298
2025-10-09 13:35:00+05:30,219.84,219.84,219.5,219.5,6180
2025-10-09 13:40:00+05:30,219.5,219.9,219.31,219.9,6215
2025-10-09 13:45:00+05:30,219.86,219.88,219.66,219.66,1483
2025-10-09 13:50:00+05:30,219.66,219.85,219.62,219.85,804
2025-10-09 13:55:00+05:30,219.89,219.9,219.59,219.8,4080
2025-10-09 14:00:00+05:30,219.8,219.99,219.73,219.78,6178
2025-10-09 14:05:00+05:30,219.78,219.98,219.76,219.89,1889
2025-10-09 14:10:00+05:30,219.89,220.05,219.8,219.9,21421
2025-10-09 14:15:00+05:30,219.79,219.79,219.62,219.65,5452
2025-10-09 14:20:00+05:30,219.65,219.89,219.5,219.82,12907
2025-10-09 14:25:00+05:30,219.82,219.83,219.5,219.76,6979
2025-10-09 14:30:00+05:30,219.76,219.99,219.74,219.84,3981
2025-10-09 14:35:00+05:30,219.84,220.11,219.84,220.05,5767
2025-10-09 14:40:00+05:30,220.05,220.05,219.58,219.58,3875
2025-10-09 14:45:00+05:30,219.58,219.75,219.5,219.65,3047
2025-10-09 14:50:00+05:30,219.65,219.93,219.42,219.93,9625
2025-10-09 14:55:00+05:30,220.0,220.02,219.7,219.7,4246
2025-10-09 15:00:00+05:30,219.89,220.45,219.77,220.29,39064
2025-10-09 15:05:00+05:30,220.35,221.54,220.33,221.2,85291
2025-10-09 15:10:00+05:30,221.21,221.78,221.18,221.2,27703
2025-10-09 15:15:00+05:30,221.2,221.55,221.2,221.38,30613
2025-10-09 15:20:00+05:30,221.28,221.39,221.14,221.14,30856
2025-10-09 15:25:00+05:30,221.14,221.85,221.14,221.16,38396
2025-10-10 09:15:00+05:30,225.99,227.5,223.87,224.89,648812
2025-10-10 09:20:00+05:30,224.89,224.89,223.25,223.25,259523
2025-10-10 09:25:00+05:30,223.14,223.4,222.25,223.4,127094
2025-10-10 09:30:00+05:30,223.39,223.94,223.11,223.67,86191
2025-10-10 09:35:00+05:30,223.67,223.67,221.7,222.46,128463
2025-10-10 09:40:00+05:30,222.46,223.27,222.46,223.21,34296
2025-10-10 09:45:00+05:30,223.21,223.5,222.62,222.7,37250
2025-10-10 09:50:00+05:30,222.7,222.99,222.6,222.81,19752
2025-10-10 09:55:00+05:30,222.78,223.46,222.7,223.0,37665
2025-10-10 10:00:00+05:30,223.0,223.33,222.9,223.33,22217
2025-10-10 10:05:00+05:30,223.31,223.46,222.9,222.9,16969
2025-10-10 10:10:00+05:30,222.97,223.38,222.91,223.19,7386
2025-10-10 10:15:00+05:30,223.19,223.2,222.81,222.81,31112
2025-10-10 10:20:00+05:30,222.81,223.16,222.81,222.83,9912
2025-10-10 10:25:00+05:30,222.81,223.06,222.64,222.95,13886
2025-10-10 10:30:00+05:30,223.12,223.25,222.98,223.2,20296
2025-10-10 10:35:00+05:30,223.2,223.2,222.6,222.6,7326
2025-10-10 10:40:00+05:30,222.6,222.89,222.4,222.59,35635
2025-10-10 10:45:00+05:30,222.59,223.0,222.41,223.0,16959
2025-10-10 10:50:00+05:30,223.01,223.21,222.79,223.0,46343
2025-10-10 10:55:00+05:30,223.0,223.11,222.68,222.68,7615
2025-10-10 11:00:00+05:30,222.83,223.09,222.7,222.79,7040
2025-10-10 11:05:00+05:30,222.79,222.99,222.41,222.47,22293
2025-10-10 11:10:00+05:30,222.47,222.75,222.16,222.75,17678
2025-10-10 11:15:00+05:30,222.75,222.8,222.45,222.5,3298
2025-10-10 11:20:00+05:30,222.5,222.67,222.15,222.45,18159
2025-10-10 11:25:00+05:30,222.44,222.48,222.15,222.3,7787
2025-10-10 11:30:00+05:30,222.3,222.54,222.15,222.29,6061
2025-10-10 11:35:00+05:30,222.29,222.35,222.0,222.0,28653
2025-10-10 11:40:00+05:30,222.0,222.45,222.0,222.32,7390
2025-10-10 11:45:00+05:30,222.32,222.65,222.25,222.38,12210
2025-10-10 11:50:00+05:30,222.38,222.45,222.15,222.36,4576
2025-10-10 11:55:00+05:30,222.36,222.4,222.1,222.19,5860
2025-10-10 12:00:00+05:30,222.19,222.33,222.01,222.33,20412
2025-10-10 12:05:00+05:30,222.26,222.29,221.5,221.93,27275
2025-10-10 12:10:00+05:30,221.93,222.22,221.76,222.05,5402
2025-10-10 12:15:00+05:30,222.21,222.25,222.0,222.25,6953
2025-10-10 12:20:00+05:30,222.25,222.3,222.1,222.3,2198
2025-10-10 12:25:00+05:30,222.3,222.36,222.1,222.1,12681
2025-10-10 12:30:00+05:30,222.1,222.23,222.05,222.1,2581
2025-10-10 12:35:00+05:30,222.1,222.26,221.9,222.26,17770
2025-10-10 12:40:00+05:30,222.26,222.5,222.26,222.41,16345
2025-10-10 12:45:00+05:30,222.41,222.65,222.16,222.28,22103
2025-10-10 12:50:00+05:30,222.28,222.75,222.18,222.51,8124
2025-10-10 12:55:00+05:30,222.33,222.5,222.1,222.39,12179
2025-10-10 13:00:00+05:30,222.4,222.5,222.26,222.5,6565
2025-10-10 13:05:00+05:30,222.5,222.5,222.2,222.5,7110
2025-10-10 13:10:00+05:30,222.49,222.92,222.48,222.48,14929
2025-10-10 13:15:00+05:30,222.48,222.96,222.48,222.66,10659
2025-10-10 13:20:00+05:30,222.72,222.96,222.51,222.56,7872
2025-10-10 13:25:00+05:30,222.56,222.64,222.35,222.35,2948
2025-10-10 13:30:00+05:30,222.35,222.85,222.35,222.7,13036
2025-10-10 13:35:00+05:30,222.7,222.86,222.45,222.84,7372
2025-10-10 13:40:00+05:30,222.84,222.84,222.65,222.65,2616
2025-10-10 13:45:00+05:30,222.65,222.9,222.3,222.79,14343
2025-10-10 13:50:00+05:30,222.79,222.9,222.53,222.54,1263
2025-10-10 13:55:00+05:30,222.54,222.59,222.3,222.3,9403
2025-10-10 14:00:00+05:30,222.3,222.48,222.11,222.11,13591
2025-10-10 14:05:00+05:30,222.0,222.55,222.0,222.38,6761
2025-10-10 14:10:00+05:30,222.38,222.51,222.34,222.44,3836
2025-10-10 14:15:00+05:30,222.44,222.5,222.01,222.06,13361
2025-10-10 14:20:00+05:30,222.35,222.6,222.11,222.35,6247
2025-10-10 14:25:00+05:30,222.35,222.5,222.1,222.11,14842
2025-10-10 14:30:00+05:30,222.23,222.34,222.05,222.05,8729
2025-10-10 14:35:00+05:30,222.05,222.06,221.65,221.7,23046
2025-10-10 14:40:00+05:30,221.71,221.71,221.16,221.25,30617
2025-10-10 14:45:00+05:30,221.25,221.32,220.69,221.1,21130
2025-10-10 14:50:00+05:30,221.1,221.66,221.04,221.35,16196
2025-10-10 14:55:00+05:30,221.44,221.9,221.3,221.88,17293
2025-10-10 15:00:00+05:30,221.99,222.5,221.73,222.2,46886
2025-10-10 15:05:00+05:30,222.11,223.0,221.9,222.85,87606
2025-10-10 15:10:00+05:30,223.0,223.0,222.25,222.31,67063
2025-10-10 15:15:00+05:30,222.23,222.58,221.54,222.43,153097
2025-10-10 15:20:00+05:30,222.4,222.44,221.51,221.81,52875
2025-10-10 15:25:00+05:30,221.77,222.14,220.55,221.73,64341
2025-10-13 09:15:00+05:30,222.0,222.0,218.73,219.9,66661
2025-10-13 09:20:00+05:30,219.88,221.62,219.6,220.82,103792
2025-10-13 09:25:00+05:30,221.13,221.31,220.53,221.0,63206
2025-10-13 09:30:00+05:30,221.0,221.21,220.01,220.85,90337
2025-10-13 09:35:00+05:30,220.9,221.41,220.25,221.28,31318
2025-10-13 09:40:00+05:30,221.29,226.5,221.13,225.56,316383
2025-10-13 09:45:00+05:30,225.52,229.2,225.38,229.15,560455
2025-10-13 09:50:00+05:30,229.02,231.0,228.41,229.65,744542
2025-10-13 09:55:00+05:30,229.64,230.0,228.69,229.12,526802
2025-10-13 10:00:00+05:30,229.12,230.82,229.0,230.65,474752
2025-10-13 10:05:00+05:30,230.5,231.89,230.3,230.4,881030
2025-10-13 10:10:00+05:30,230.4,230.5,228.64,229.0,484784
2025-10-13 10:15:00+05:30,228.99,229.6,228.59,229.24,227749
2025-10-13 10:20:00+05:30,229.38,229.9,228.86,229.04,146359
2025-10-13 10:25:00+05:30,229.04,229.38,229.0,229.19,56200
2025-10-13 10:30:00+05:30,229.19,230.5,229.1,230.04,208940
2025-10-13 10:35:00+05:30,230.11,230.31,229.62,230.02,135060
2025-10-13 10:40:00+05:30,230.08,230.3,229.55,230.1,107863
2025-10-13 10:45:00+05:30,230.1,230.1,229.56,229.79,58496
2025-10-13 10:50:00+05:30,229.7,230.2,229.18,229.66,76264
2025-10-13 10:55:00+05:30,229.66,229.75,229.51,229.55,35057
2025-10-13 11:00:00+05:30,229.55,230.5,229.28,230.15,149676
2025-10-13 11:05:00+05:30,230.14,230.5,229.7,229.98,86618
2025-10-13 11:10:00+05:30,229.82,229.96,229.5,229.6,38640
2025-10-13 11:15:00+05:30,229.59,229.6,229.28,229.46,42304
2025-10-13 11:20:00+05:30,229.5,229.55,229.26,229.35,37365
2025-10-13 11:25:00+05:30,229.35,229.65,229.3,229.45,46613
2025-10-13 11:30:00+05:30,229.44,230.0,229.43,229.58,56443
2025-10-13 11:35:00+05:30,229.58,230.35,229.32,230.35,58969
2025-10-13 11:40:00+05:30,230.27,230.74,229.72,229.85,140219
2025-10-13 11:45:00+05:30,229.85,230.75,229.85,230.4,79644
2025-10-13 11:50:00+05:30,230.4,231.1,230.24,230.86,168208
2025-10-13 11:55:00+05:30,230.86,231.0,230.4,230.5,61711
2025-10-13 12:00:00+05:30,230.42,230.99,230.4,230.54,61590
2025-10-13 12:05:00+05:30,230.62,231.45,230.42,231.21,84833
2025-10-13 12:10:00+05:30,231.33,231.6,231.0,231.38,174135
2025-10-13 12:15:00+05:30,231.5,232.65,231.38,231.75,412697
2025-10-13 12:20:00+05:30,231.7,231.9,231.48,231.58,93563
2025-10-13 12:25:00+05:30,231.58,231.58,231.27,231.45,78308
2025-10-13 12:30:00+05:30,231.45,231.99,231.35,231.47,171499
2025-10-13 12:35:00+05:30,231.45,231.52,231.0,231.11,106343
2025-10-13 12:40:00+05:30,231.09,231.29,230.8,231.14,58121
2025-10-13 12:45:00+05:30,231.14,231.14,230.57,230.87,106976
2025-10-13 12:50:00+05:30,230.87,231.0,230.62,230.78,58834
2025-10-13 12:55:00+05:30,230.78,231.11,230.71,231.09,30896
2025-10-13 13:00:00+05:30,231.11,231.11,230.5,230.55,93972
2025-10-13 13:05:00+05:30,230.53,230.65,229.92,230.3,211450
2025-10-13 13:10:00+05:30,230.3,230.76,229.7,229.95,83915
2025-10-13 13:15:00+05:30,229.95,230.2,229.72,229.99,39996
2025-10-13 13:20:00+05:30,229.99,230.3,229.9,230.1,38750
2025-10-13 13:25:00+05:30,230.1,230.3,229.72,229.88,41054
2025-10-13 13:30:00+05:30,229.88,230.43,229.84,230.35,32029
2025-10-13 13:35:00+05:30,230.35,230.63,230.3,230.4,25835
2025-10-13 13:40:00+05:30,230.36,230.95,230.36,230.6,48486
2025-10-13 13:45:00+05:30,230.6,230.84,230.4,230.6,28811
2025-10-13 13:50:00+05:30,230.6,230.6,230.14,230.34,38253
2025-10-13 13:55:00+05:30,230.34,230.5,230.12,230.18,20572
2025-10-13 14:00:00+05:30,230.32,230.77,230.21,230.51,62098
2025-10-13 14:05:00+05:30,230.51,230.72,230.25,230.46,22957
2025-10-13 14:10:00+05:30,230.46,230.46,229.6,229.7,79233
2025-10-13 14:15:00+05:30,229.7,230.0,229.7,229.99,21620
2025-10-13 14:20:00+05:30,230.0,230.1,229.71,229.86,53039
2025-10-13 14:25:00+05:30,229.91,230.4,229.85,230.24,24017
2025-10-13 14:30:00+05:30,230.25,230.62,229.96,230.18,59630
2025-10-13 14:35:00+05:30,230.18,230.49,229.82,230.15,70497
2025-10-13 14:40:00+05:30,230.02,230.32,229.8,230.23,38438
2025-10-13 14:45:00+05:30,230.24,230.62,230.0,230.4,93500
2025-10-13 14:50:00+05:30,230.4,230.45,229.81,230.09,68213
2025-10-13 14:55:00+05:30,230.1,230.1,229.81,229.9,54939
2025-10-13 15:00:00+05:30,229.91,230.2,229.83,230.01,90838
2025-10-13 15:05:00+05:30,230.0,230.69,229.9,230.5,80502
2025-10-13 15:10:00+05:30,230.5,230.64,230.2,230.27,137079
2025-10-13 15:15:00+05:30,230.4,230.8,230.01,230.35,324005
2025-10-13 15:20:00+05:30,230.29,230.29,229.6,229.8,199973
2025-10-13 15:25:00+05:30,229.8,230.0,229.4,229.6,107286
2025-10-14 09:15:00+05:30,231.0,231.7,229.75,231.66,180840
2025-10-14 09:20:00+05:30,231.59,232.4,230.35,230.64,154956
2025-10-14 09:25:00+05:30,230.58,231.48,230.21,231.12,85061
2025-10-14 09:30:00+05:30,231.23,232.89,230.86,232.89,145921
2025-10-14 09:35:00+05:30,232.76,234.9,232.42,233.99,603932
2025-10-14 09:40:00+05:30,233.99,235.46,233.84,235.26,514651
2025-10-14 09:45:00+05:30,235.26,235.34,233.32,234.57,335438
2025-10-14 09:50:00+05:30,234.57,237.61,234.34,236.19,832931
2025-10-14 09:55:00+05:30,236.19,237.37,236.03,236.74,420893
2025-10-14 10:00:00+05:30,236.86,238.1,236.75,237.36,617464
2025-10-14 10:05:00+05:30,237.16,237.7,236.3,237.58,529385
2025-10-14 10:10:00+05:30,237.51,238.25,237.35,237.64,488666
2025-10-14 10:15:00+05:30,237.63,238.7,234.9,235.49,922563
2025-10-14 10:20:00+05:30,235.5,235.7,233.55,234.37,348029
2025-10-14 10:25:00+05:30,234.39,234.39,232.85,233.91,294169
2025-10-14 10:30:00+05:30,233.91,234.25,233.19,233.7,188117
2025-10-14 10:35:00+05:30,233.76,234.99,233.5,234.35,80521
2025-10-14 10:40:00+05:30,234.38,235.1,233.8,235.01,103702
2025-10-14 10:45:00+05:30,235.03,235.53,234.71,235.1,162887
2025-10-14 10:50:00+05:30,235.2,236.35,235.03,235.73,131040
2025-10-14 10:55:00+05:30,235.73,235.86,235.02,235.3,94354
2025-10-14 11:00:00+05:30,235.2,235.21,234.55,234.85,87195
2025-10-14 11:05:00+05:30,234.75,234.86,234.3,234.3,67152
2025-10-14 11:10:00+05:30,234.31,234.31,233.75,234.05,65002
2025-10-14 11:15:00+05:30,234.0,234.0,233.65,233.74,99347
2025-10-14 11:20:00+05:30,233.7,233.93,233.65,233.74,46624
2025-10-14 11:25:00+05:30,233.75,234.18,233.66,234.06,52008
2025-10-14 11:30:00+05:30,234.06,234.06,233.44,233.46,70267
2025-10-14 11:35:00+05:30,233.44,234.22,233.24,234.11,32452
2025-10-14 11:40:00+05:30,234.1,234.3,233.8,234.3,38371
2025-10-14 11:45:00+05:30,234.3,234.39,233.9,234.38,30083
2025-10-14 11:50:00+05:30,234.32,234.45,234.05,234.05,51450
2025-10-14 11:55:00+05:30,234.05,234.39,233.9,233.9,45327
2025-10-14 12:00:00+05:30,233.9,233.92,233.03,233.06,56051
2025-10-14 12:05:00+05:30,233.05,233.36,232.72,232.85,137043
2025-10-14 12:10:00+05:30,232.73,232.92,232.32,232.6,83423
2025-10-14 12:15:00+05:30,232.6,232.86,232.09,232.44,44716
2025-10-14 12:20:00+05:30,232.34,232.62,232.04,232.3,36550
2025-10-14 12:25:00+05:30,232.22,232.39,231.45,231.59,63578
2025-10-14 12:30:00+05:30,231.5,231.79,231.5,231.6,32580
2025-10-14 12:35:00+05:30,231.6,231.87,230.82,231.2,91545
2025-10-14 12:40:00+05:30,231.2,231.58,231.1,231.11,28354
2025-10-14 12:45:00+05:30,231.26,231.42,231.0,231.2,49168
2025-10-14 12:50:00+05:30,231.11,231.93,231.11,231.79,25849
2025-10-14 12:55:00+05:30,231.79,231.9,231.6,231.71,15418
2025-10-14 13:00:00+05:30,231.62,231.8,231.49,231.58,9659
2025-10-14 13:05:00+05:30,231.58,231.95,231.48,231.52,11013
2025-10-14 13:10:00+05:30,231.52,231.93,231.52,231.74,12630
2025-10-14 13:15:00+05:30,231.74,231.97,231.63,231.9,8529
2025-10-14 13:20:00+05:30,231.9,232.22,231.8,232.0,22772
2025-10-14 13:25:00+05:30,232.0,232.85,231.9,232.7,37852
2025-10-14 13:30:00+05:30,232.72,232.92,232.41,232.41,47793
2025-10-14 13:35:00+05:30,232.41,232.7,232.2,232.35,26043
2025-10-14 13:40:00+05:30,232.35,232.43,232.15,232.15,20244
2025-10-14 13:45:00+05:30,232.19,232.2,231.51,231.51,13667
2025-10-14 13:50:00+05:30,231.54,232.15,231.54,231.61,12852
2025-10-14 13:55:00+05:30,231.61,231.89,231.51,231.89,10678
2025-10-14 14:00:00+05:30,231.89,231.89,231.6,231.83,8567
2025-10-14 14:05:00+05:30,231.83,231.99,231.6,231.63,8192
2025-10-14 14:10:00+05:30,231.63,232.0,231.48,231.62,16883
2025-10-14 14:15:00+05:30,231.61,231.91,231.6,231.73,13614
2025-10-14 14:20:00+05:30,231.73,232.41,231.6,232.2,27803
2025-10-14 14:25:00+05:30,232.2,232.89,232.04,232.5,58457
2025-10-14 14:30:00+05:30,232.5,232.92,232.5,232.7,13891
2025-10-14 14:35:00+05:30,232.63,232.97,232.6,232.78,20309
2025-10-14 14:40:00+05:30,232.78,232.78,232.29,232.59,21828
2025-10-14 14:45:00+05:30,232.59,232.78,232.34,232.62,18214
2025-10-14 14:50:00+05:30,232.62,232.68,231.97,232.26,59230
2025-10-14 14:55:00+05:30,232.23,232.3,231.8,231.9,34658
2025-10-14 15:00:00+05:30,231.9,232.24,231.8,232.03,32013
2025-10-14 15:05:00+05:30,232.1,232.18,231.8,231.91,46363
2025-10-14 15:10:00+05:30,231.87,232.1,231.7,231.7,128760
2025-10-14 15:15:00+05:30,231.75,231.75,231.4,231.46,165161
2025-10-14 15:20:00+05:30,231.31,231.44,230.84,230.84,99294
2025-10-14 15:25:00+05:30,230.84,231.15,230.34,230.8,83603
2025-10-15 09:15:00+05:30,232.0,232.01,229.6,229.6,148323
2025-10-15 09:20:00+05:30,229.6,230.19,229.01,229.04,106465
2025-10-15 09:25:00+05:30,229.07,229.22,228.21,228.64,92561
2025-10-15 09:30:00+05:30,228.62,229.06,228.26,228.86,57557
2025-10-15 09:35:00+05:30,228.89,229.01,228.21,228.4,47959
2025-10-15 09:40:00+05:30,228.3,228.74,228.03,228.59,31925
2025-10-15 09:45:00+05:30,228.74,228.8,228.0,228.11,25528
2025-10-15 09:50:00+05:30,228.11,228.5,228.09,228.23,14388
2025-10-15 09:55:00+05:30,228.17,228.61,228.12,228.34,39773
2025-10-15 10:00:00+05:30,228.25,228.76,228.11,228.3,23600
2025-10-15 10:05:00+05:30,228.3,228.4,227.59,228.06,56671
2025-10-15 10:10:00+05:30,228.06,228.26,227.7,227.9,19825
2025-10-15 10:15:00+05:30,227.95,228.17,227.71,227.91,24343
2025-10-15 10:20:00+05:30,227.91,228.9,227.77,228.9,72227
2025-10-15 10:25:00+05:30,228.9,228.96,228.28,228.43,16965
2025-10-15 10:30:00+05:30,228.43,228.78,228.29,228.78,10991
2025-10-15 10:35:00+05:30,228.78,228.96,228.51,228.51,23061
2025-10-15 10:40:00+05:30,228.51,228.77,228.4,228.5,20917
2025-10-15 10:45:00+05:30,228.5,228.65,228.35,228.61,9357
2025-10-15 10:50:00+05:30,228.61,228.65,228.36,228.5,6886
2025-10-15 10:55:00+05:30,228.5,228.9,228.38,228.79,17654
2025-10-15 11:00:00+05:30,228.63,229.76,228.63,229.49,55240
2025-10-15 11:05:00+05:30,229.49,229.8,228.94,229.8,50964
2025-10-15 11:10:00+05:30,229.8,230.53,229.51,229.96,54857
2025-10-15 11:15:00+05:30,229.96,230.0,229.32,229.46,13644
2025-10-15 11:20:00+05:30,229.46,229.46,229.25,229.25,22719
2025-10-15 11:25:00+05:30,229.25,229.88,229.25,229.68,17187
2025-10-15 11:30:00+05:30,229.65,229.95,229.41,229.68,9672
2025-10-15 11:35:00+05:30,229.68,229.68,229.43,229.51,3485
2025-10-15 11:40:00+05:30,229.51,229.79,229.5,229.71,3013
2025-10-15 11:45:00+05:30,229.71,233.5,229.62,231.38,372928
2025-10-15 11:50:00+05:30,231.38,231.88,230.54,231.88,41124
2025-10-15 11:55:00+05:30,231.88,232.0,231.0,231.1,27633
2025-10-15 12:00:00+05:30,231.1,231.87,231.06,231.06,25964
2025-10-15 12:05:00+05:30,231.06,232.38,231.0,232.32,32840
2025-10-15 12:10:00+05:30,232.4,232.5,231.72,231.96,21825
2025-10-15 12:15:00+05:30,231.96,232.9,231.82,232.63,57105
2025-10-15 12:20:00+05:30,232.63,233.2,232.32,232.6,49093
2025-10-15 12:25:00+05:30,232.6,232.79,232.21,232.62,18679
2025-10-15 12:30:00+05:30,232.5,232.71,232.06,232.11,26631
2025-10-15 12:35:00+05:30,232.19,232.24,232.02,232.02,16480
2025-10-15 12:40:00+05:30,232.1,232.69,232.09,232.53,16757
2025-10-15 12:45:00+05:30,232.53,232.89,232.32,232.51,16068
2025-10-15 12:50:00+05:30,232.51,232.65,232.15,232.15,15479
2025-10-15 12:55:00+05:30,232.15,232.35,231.81,232.19,38957
2025-10-15 13:00:00+05:30,232.14,232.14,231.43,231.8,34749
2025-10-15 13:05:00+05:30,231.8,231.85,231.4,231.61,10436
2025-10-15 13:10:00+05:30,231.61,232.2,231.61,231.84,18119
2025-10-15 13:15:00+05:30,231.84,231.87,231.45,231.45,18092
2025-10-15 13:20:00+05:30,231.45,231.65,231.25,231.61,15524
2025-10-15 13:25:00+05:30,231.61,231.61,231.22,231.38,22620
2025-10-15 13:30:00+05:30,231.33,231.33,231.06,231.15,13017
2025-10-15 13:35:00+05:30,231.15,232.5,231.15,232.1,41984
2025-10-15 13:40:00+05:30,232.1,232.16,231.6,232.06,22875
2025-10-15 13:45:00+05:30,231.98,232.09,231.85,231.96,17973
2025-10-15 13:50:00+05:30,231.96,232.62,231.85,232.58,50130
2025-10-15 13:55:00+05:30,232.58,232.8,232.13,232.2,54938
2025-10-15 14:00:00+05:30,232.22,232.35,231.99,232.01,7656
2025-10-15 14:05:00+05:30,232.01,232.14,231.85,231.85,7412
2025-10-15 14:10:00+05:30,231.85,232.11,231.85,231.98,8128
2025-10-15 14:15:00+05:30,231.87,232.04,231.85,231.85,5442
2025-10-15 14:20:00+05:30,231.85,232.1,231.7,231.75,38797
2025-10-15 14:25:00+05:30,231.75,231.86,231.55,231.67,19019
2025-10-15 14:30:00+05:30,231.6,231.68,231.42,231.5,10041
2025-10-15 14:35:00+05:30,231.5,231.63,231.3,231.3,12023
2025-10-15 14:40:00+05:30,231.3,231.31,230.6,230.7,36063
2025-10-15 14:45:00+05:30,230.7,230.75,230.6,230.69,9252
2025-10-15 14:50:00+05:30,230.67,230.9,230.6,230.85,12008
2025-10-15 14:55:00+05:30,230.85,231.23,230.49,231.1,40269
2025-10-15 15:00:00+05:30,231.1,232.19,230.82,232.19,107504
2025-10-15 15:05:00+05:30,232.18,232.89,232.18,232.74,92415
2025-10-15 15:10:00+05:30,232.79,233.6,232.74,233.41,120284
2025-10-15 15:15:00+05:30,233.41,233.9,233.01,233.78,129322
2025-10-15 15:20:00+05:30,233.9,234.89,233.33,234.77,209248
2025-10-15 15:25:00+05:30,234.77,234.88,233.34,233.5,142031
